Player,1pct,0to0_5,0_5to1
Dave Gambee,1,10,0
Tommy Kearns,1,0,0
Walt Bellamy,1,2,8
Mel Peterson,1,0,0
Dave Scholz,1,0,0
Milt Williams,1,2,0
Kent Benson,1,6,4
Tom Chambers,1,13,2
Carl Bailey,1,0,0
Chuck Nevitt,1,6,1
Steve Lingenfelter,1,0,1
Darrell Lockhart,1,0,0
David Wingate,1,13,1
Cozell McQueen,1,0,0
Dave Hoppen,1,3,2
Tod Murphy,1,3,1
Chucky Brown,1,8,4
Ian Lockhart,1,0,0
Mike Peplowski,1,0,2
Chad Gallagher,1,0,0
Carlos Rogers,1,0,7
Anthony Parker,1,8,0
Jelani McCoy,1,1,5
Jerome James,1,7,1
Mikki Moore,1,5,7
Tyson Wheeler,1,0,0
Ryan Bowen,1,7,2
Ira Bowman,1,0,1
Donnell Harvey,1,3,1
Jason Hart,1,6,2
Joe Johnson,1,17,0
Eddy Curry,1,3,7
Dajuan Wagner,1,3,0
Udonis Haslem,1,13,6
Kaniel Dickens,1,2,0
Andris Biedrins,1,1,8
Jackie Butler,1,1,1
Matt Walsh,1,0,0
Randy Holcomb,1,0,0
Marcus Williams,1,5,0
Tyrus Thomas,1,7,0
Steven Hill,1,0,0
Trey Gilder,1,0,0
Jeremy Evans,1,0,6
Julyan Stone,1,3,0
DeAndre Liggins,1,4,0
Jarnell Stokes,1,0,2
Eric Moreland,1,1,2
Anthony Brown,1,2,0
Rakeem Christmas,1,1,0
Patrick McCaw,1,4,0
Zhou Qi,1,1,0
Naz Mitrou-Long,1,2,0
Edmond Sumner,1,3,1
Jordan Sibert,1,0,0
Kostas Antetokounmpo,1,1,0
Chris Silva,1,0,3
Tyrell Terry,1,1,0
Braxton Key,1,1,0
Ahmad Caver,1,0,0
Jaden Springer,1,1,0
Paul Arizin,0,9,0
George Mikan,0,4,0
Bob Cousy,0,13,0
Ed Macauley,0,8,0
Bob Davies,0,4,0
Frank Brian,0,5,0
Larry Foust,0,11,0
Bobby Wanzer,0,6,0
Arnie Risen,0,7,0
Vern Mikkelsen,0,8,0
Jim Pollard,0,4,0
Freddie Scolari,0,4,0
Max Zaslofsky,0,5,0
Joe Fulks,0,3,0
Joe Graboski,0,11,0
Fred Schaus,0,3,0
Dolph Schayes,0,13,0
Red Rocha,0,5,0
Leo Barnhorst,0,3,0
Andy Phillip,0,7,0
Don Barksdale,0,4,0
Stan Miasek,0,2,0
Don Otten,0,2,0
Harry Gallatin,0,7,0
Thomas Eddleman,0,2,0
Jack Coleman,0,7,0
Dick Mehen,0,1,0
Bill Sharman,0,10,0
Paul Walther,0,4,0
George King,0,6,0
Nat Clifton,0,7,0
Arnie Johnson,0,2,0
Don Boven,0,2,0
Bob Lavoy,0,3,0
Connie Simmons,0,5,0
Slater Martin,0,9,0
Bill Tosheff,0,3,0
Mel Hutchins,0,7,0
Frank Kudelka,0,2,0
Paul Seymour,0,8,0
Dick McGuire,0,9,0
Jack Kerris,0,2,0
Buckshot O'Brien,0,2,0
Odie Spears,0,6,0
Bob Donham,0,3,0
Chuck Cooper,0,5,0
Noble Jorgensen,0,2,0
Ernie Vandeweghe,0,4,0
David Johnson,0,2,0
Ed Mikan,0,3,0
Bob Harris,0,3,0
Vince Boryla,0,3,0
George Ratkovicz,0,4,0
Wally Osterkorn,0,4,0
Billy Gabor,0,4,0
George Senesky,0,3,0
Dave Minor,0,2,0
Ray Lumpp,0,2,0
Don Lofgran,0,3,0
Kevin O'Shea,0,2,0
Alex Hannum,0,6,0
Frank Saul,0,4,0
Wallace Jones,0,1,0
Al Cervi,0,2,0
Bob Brannum,0,4,0
Bob Harrison,0,7,0
Bill Calhoun,0,4,0
Neil Johnston,0,8,0
Bill Closs,0,1,0
Horace McKinney,0,1,0
George Kaftan,0,2,0
Nelson Bobb,0,2,0
Dillard Crocker,0,2,0
Gerry Calabrese,0,1,0
Red Holzman,0,3,0
Howie Schultz,0,2,0
Don Rehfeldt,0,1,0
Walter Budko,0,1,0
Charlie Share,0,9,0
Bob Wilson,0,1,0
Whitey Skoog,0,6,0
James Owens,0,1,0
Joe Holland,0,1,0
Lew Hitch,0,6,0
Al McGuire,0,3,0
Brady Walker,0,1,0
Jake Fendley,0,2,0
John Mahnken,0,2,0
Joe McNamee,0,1,0
Vern Gardner,0,1,0
Joe Hutton,0,1,0
Jim Slaughter,0,1,0
Mel Payton,0,2,0
Dick Dickey,0,1,0
Cliff Barker,0,1,0
Jack Kiley,0,2,0
Walt Kirk,0,1,0
Art Burris,0,1,0
Cal Christensen,0,4,0
Sam Ranzino,0,1,0
Ray Ragelis,0,1,0
Nate DeLong,0,1,0
Stan Brown,0,1,0
Herb Scherer,0,1,0
Don Savage,0,2,0
Ed Dahler,0,1,0
Gene Vance,0,1,0
Charlie Black,0,1,0
Elmer Behnke,0,1,0
John McConathy,0,1,0
John Rennicke,0,1,0
Jerry Fowler,0,1,0
Paul Noel,0,1,0
John Pilch,0,1,0
Zeke Sinicola,0,2,0
Jack Nichols,0,6,0
Carl Braun,0,10,0
Eddie Miller,0,2,0
Don Meineke,0,5,0
"Bear, The Body Hoffman",0,3,0
Jim Baechtold,0,5,0
Don Henriksen,0,2,0
Jack McMahon,0,8,0
Earl Lloyd,0,8,0
Johnny Payak,0,1,0
Al Masino,0,2,0
Danny Finn,0,3,0
Gene Rhodes,0,1,0
Mark Workman,0,2,0
Dick Groat,0,1,0
Jerry Fleishman,0,1,0
Jim Holstein,0,4,0
Bob Lochmueller,0,1,0
Ralph Polson,0,1,0
Robert Zawoluk,0,3,0
Bill Mlkvy,0,1,0
Jim Mooney,0,1,0
Kenny Rollins,0,1,0
Dick Bunt,0,1,0
Gene Conley,0,6,0
Paul McConnell,0,1,0
Claude Overton,0,1,0
Dick Surhoff,0,2,0
Bob Priddy,0,1,0
Don Hanrahan,0,1,0
John O'Boyle,0,1,0
George Feigenbaum,0,1,0
Moe Radovich,0,1,0
Francis Mahoney,0,1,0
George McLeod,0,1,0
Mike O'Neill,0,1,0
Clarence Hermsen,0,1,0
Henry Darcey,0,1,0
Ray Corley,0,1,0
Sherwin Raiken,0,1,0
Andrew Levane,0,1,0
Jack McCloskey,0,1,0
Blaine Denning,0,1,0
Bob Naber,0,0,0
Ray Felix,0,9,0
Don Sunderlage,0,2,0
Jack George,0,8,0
Bob Houbregs,0,5,0
Clyde Lovellette,0,11,0
Al Roges,0,2,0
George Yardley,0,7,0
Irv Bemoras,0,2,0
Rollen Hans,0,1,0
Bill Kenville,0,6,0
Walt Davis,0,5,0
Jack Molinas,0,1,0
Dick Schnittker,0,5,0
Jim Neal,0,1,0
Jim Fritsche,0,2,0
Ken Murray,0,2,0
Ernie Barrett,0,2,0
Joe Smyth,0,1,0
Ernie Beck,0,7,0
Norm Swanson,0,1,0
Jim Luisi,0,1,0
Hal Uplinger,0,1,0
Bato Govedarica,0,1,0
Bill Bolger,0,1,0
Donald Ackerman,0,1,0
Ed Smith,0,1,0
Connie Rea,0,1,0
Gene Dyker,0,1,0
Bob Peterson,0,3,0
Dick Knostman,0,1,0
Frank Reddout,0,0,1
Don Asmonga,0,1,0
Ed Earle,0,0,1
Jim Phelan,0,0,0
Rabbit Walthour,0,1,0
Mike Novak,0,0,0
Norm Grekin,0,0,0
Paul Nolen,0,0,0
Bob Pettit,0,11,0
Frank Selvy,0,9,0
Johnny Kerr,0,12,0
Frank Ramsey,0,9,0
Tom Marshall,0,4,0
Dick Rosenthal,0,2,0
Art Spoelstra,0,4,0
Dick Farley,0,3,0
George Dempsey,0,5,0
Ed Kalafat,0,3,0
Dwight Morrison,0,3,0
Jack Turner,0,2,0
Gene Shue,0,10,0
Togo Palazzi,0,6,0
Bert Cook,0,1,0
Larry Costello,0,12,0
Ken McBride,0,1,0
Jackie Moore,0,3,0
Jim Tucker,0,3,0
Bob Carney,0,1,0
Boris Nachamkin,0,1,0
Fred Christ,0,1,0
Chuck Grigsby,0,1,0
Phil Martin,0,1,0
Fred Diute,0,1,0
Tom Brennan,0,1,0
Ronnie MacGilvray,0,1,0
Bob Knight,0,1,0
Herm Hedderick,0,1,0
Don Anielak,0,0,0
Carl McNulty,0,1,0
Lucian Whitaker,0,1,0
Michael Kearns,0,0,0
Maurice Stokes,0,3,0
Jack Twyman,0,11,0
Ken Sears,0,7,1
Ed Fleming,0,5,0
Jack Stephens,0,1,0
Tom Gola,0,10,0
Chuck Noble,0,7,0
Dick Ricketts,0,3,0
Jim Loscutoff,0,9,0
Richie Regan,0,3,0
Al Ferrari,0,6,0
Walter Devlin,0,3,0
Ed Conlin,0,7,0
Dick Hemric,0,2,0
Walter Dukes,0,8,0
Dick Garmaker,0,6,0
Chuck Mencel,0,2,0
Bob Schafer,0,1,0
Larry Hennessy,0,1,0
Medford Park,0,5,0
Jesse Arnelle,0,1,0
Chris Harris,0,1,0
Richard Atha,0,2,0
Bob Williams,0,2,0
Johnny Horan,0,1,0
Ron Feiereisel,0,1,0
Don Bielke,0,0,1
Bob Santini,0,0,1
James Davis,0,0,0
Tom Heinsohn,0,9,0
Bob Leonard,0,7,0
Willie Naulls,0,10,0
Bill Russell,0,13,0
Richie Guerin,0,13,0
Dave Piontek,0,7,0
Al Bianchi,0,10,0
Joe Holup,0,3,0
Ron Sobie,0,4,0
Johnny McCarthy,0,6,0
Jim Paxson,0,8,5
Bob Burrow,0,2,0
Cliff Hagan,0,10,0
Bob Hopkins,0,4,0
Bill Thieben,0,2,0
Lou Tsioropoulos,0,3,0
Si Green,0,9,0
Phil Jordon,0,7,0
Bob Armstrong,0,1,0
Norm Stewart,0,1,0
Ron Shavlik,0,1,0
Gary Bergen,0,1,0
Jim Ray,0,2,0
John Barber,0,1,0
Hal Lear,0,1,0
Forest Able,0,0,0
Woody Sauldsberry,0,7,0
Guy Sparrow,0,3,0
Win Wilfong,0,4,0
Jim Krebs,0,7,0
Charlie Tyra,0,5,0
Rod Hundley,0,6,0
Sam Jones,0,12,0
Lennie Rosenbluth,0,2,0
Larry Friend,0,1,0
Bo Erias,0,1,0
Dick Duckett,0,1,0
Pat Dunn,0,1,0
Brendan McCann,0,2,0
Joel Ingram,0,1,0
Jerry Paulson,0,1,0
Jim Walsh,0,1,0
Bill Ebben,0,1,0
Worthy Patterson,0,1,0
Doug Bolstorff,0,1,0
George Brown,0,0,0
Ray Radziszewski,0,0,0
Elgin Baylor,0,14,0
Hal Greer,0,15,0
Wayne Embry,0,11,0
Arlen Bockhorn,0,7,0
Jim Palmer,0,3,0
Archie Dees,0,4,0
Guy Rodgers,0,11,0
Andy Johnson,0,4,0
Mike Farmer,0,7,0
Alexander Ellis,0,2,0
Vern Hatton,0,4,0
Hub Reed,0,7,0
Shellie McMillon,0,4,0
Connie Dierking,0,9,0
Steve Hamilton,0,2,0
Bennie Swain,0,1,0
Jack Parr,0,1,0
Larry Staverman,0,5,0
Phil Rollins,0,3,0
K.C. Jones,0,9,0
Barney Cable,0,6,0
Pete Brennan,0,1,0
Jerry Bird,0,1,0
Wilt Chamberlain,0,1,13
Bailey Howell,0,10,2
Rudy LaRusso,0,10,0
Dick Barnett,0,14,0
Tom Hawkins,0,10,0
Johnny Green,0,7,5
Bob Ferry,0,10,0
John Richter,0,1,0
Gary Alcorn,0,2,0
Joe Ruklick,0,3,0
William Bell,0,2,0
Gene Guarilia,0,4,0
Bob Anderegg,0,1,0
Cal Ramsey,0,2,0
Bobby Smith,0,1,0
Tony Windis,0,1,0
Nick Mantis,0,2,0
Wayne Stevens,0,1,0
Maury King,0,1,1
Oscar Robertson,0,11,3
Jerry West,0,13,1
Don Ohl,0,9,0
George Lee,0,6,1
Lenny Wilkens,0,15,0
Bob Boozer,0,10,0
Alvin Attles,0,10,1
Jackie Moreland,0,5,0
Bob McNeill,0,2,0
Dave Budd,0,5,0
Ralph Davis,0,2,0
Harvey Halbrook,0,2,0
Thomas Sanders,0,13,0
Joe Roberts,0,3,0
Fred LaCour,0,3,0
Darrall Imhoff,0,10,1
Willie Jones,0,6,0
Howie Jolliff,0,3,0
Ron Johnson,0,1,0
William Kennedy,0,1,0
Lee Shaffer,0,3,0
Ray Scott,0,8,0
Tom Meschery,0,10,0
Al Butler,0,4,0
Adrian Smith,0,9,0
Bob Sims,0,1,0
Paul Neumann,0,6,0
Horace Walker,0,1,0
Cleveland Buckner,0,1,1
Joe Buckhalter,0,1,0
Cleo Hill,0,1,0
Johnny Egan,0,9,0
York Larese,0,1,0
Gary Phillips,0,5,0
Ronald Martin,0,1,0
Howie Carl,0,1,0
Sam Stith,0,1,0
Donnie Butcher,0,5,0
Ted Luckenbill,0,2,0
Robert Nordmann,0,3,1
Bob Wiesenhahn,0,1,0
George Blaney,0,1,0
Dave Zeller,0,1,0
Frank Radovich,0,1,0
Wayne Yates,0,1,0
Stacey Arceneaux,0,1,0
Bill Smith,0,2,1
Ed Burton,0,1,1
Jimmy Darrow,0,1,0
Doug Kistler,0,0,1
Chuck Osborne,0,1,0
George H. Bon Salle,0,1,0
Ron Horn,0,2,0
Dick Eichhorst,0,0,1
Terry Dischinger,0,4,5
John Havlicek,0,16,0
Dave DeBusschere,0,11,0
Chet Walker,0,12,1
John Barnhill,0,6,0
Charlie Hardnett,0,3,0
Zelmo Beaty,0,8,0
Charles Vaughn,0,4,0
Len Chappell,0,5,0
Leroy Ellis,0,13,0
Johnny Cox,0,1,0
Wayne Hightower,0,4,0
Bill McGill,0,2,1
Don Nelson,0,11,3
Paul Hogue,0,1,0
Kevin Loughery,0,9,0
John Rudometkin,0,3,0
Gene Wiley,0,3,1
Mel Nowell,0,1,0
Dan Swartz,0,1,0
Bill Bridges,0,10,0
Bob Duffy,0,3,0
Howie Montgomery,0,1,0
Ben Warley,0,4,0
Porter Meriwether,0,1,0
Enoch Olsen,0,7,0
Hubie White,0,2,0
Tom Stith,0,1,0
Jack Foley,0,1,0
Dan Tieman,0,1,0
Danny Doyle,0,0,1
Gene Tormohlen,0,4,2
Dave Fedor,0,1,0
Jeff Slade,0,1,0
Dave Gunther,0,0,1
Ralph Wells,0,1,0
Jerry Lucas,0,5,5
Gus Johnson,0,10,0
Art Heyman,0,2,0
Rod Thorn,0,7,0
Nate Thurmond,0,13,0
Don Kojis,0,12,0
Reggie Harding,0,4,0
Gary Hill,0,2,0
Eddie Miles,0,8,0
Tom Hoover,0,3,0
Jim King,0,9,0
Jay Arnette,0,3,0
Tom Thacker,0,4,0
Larry Siegfried,0,8,0
Jerry Greenspan,0,1,1
Gerry Ward,0,4,0
Jerry Harkness,0,1,0
John Windsor,0,1,0
Larry Comley,0,1,0
Mel Gibson,0,1,0
Roger Strickland,0,1,0
Ken Rohloff,0,0,0
Willis Reed,0,8,2
Jim Barnes,0,3,1
Lucious Jackson,0,8,0
Howard Komives,0,9,0
Joe Caldwell,0,3,2
Mccoy McLemore,0,5,0
Wali Jones,0,9,0
Emmette Bryant,0,8,0
Happy Hairston,0,7,2
Paul Silas,0,16,0
Walt Hazzard,0,9,0
Ron Bonham,0,2,0
Mel Counts,0,10,0
Bud Koper,0,1,0
John Thompson,0,2,0
Jeff Mullins,0,12,0
Barry Kramer,0,1,0
Charles Nash,0,1,0
Gary Bradds,0,2,0
Larry Jones,0,2,0
Steve Courtin,0,1,0
George Wilson,0,5,0
Les Hunter,0,1,0
Jerry Grote,0,0,1
John Tresvant,0,4,0
Rick Barry,0,10,0
Billy Cunningham,0,9,0
Dave Stallworth,0,7,0
Dick Van Arsdale,0,10,2
Tom Van Arsdale,0,9,0
Joe Strawder,0,3,0
Gail Goodrich,0,14,0
Ron Reed,0,2,0
Jim Washington,0,8,0
Fred Hetzel,0,5,0
John Clemens,0,9,2
Jon McGlocklin,0,7,4
Jerry Sloan,0,11,0
Bill Buntin,0,1,0
Keith Erickson,0,12,0
John Fairchild,0,1,0
Willie Somerset,0,1,0
Bob Warlick,0,3,0
Bob Weiss,0,10,1
Jesse Branson,0,1,0
Thales McReynolds,0,1,0
Ron Watts,0,1,1
Will Frazier,0,0,0
Dave Bing,0,12,0
Lou Hudson,0,9,4
Erwin Mueller,0,4,0
Cazzie Russell,0,12,0
Archie Clark,0,8,1
Jack Marin,0,9,0
Flynn Robinson,0,4,0
Jerry Chambers,0,4,0
Clyde Lee,0,9,0
Bob Love,0,9,0
Dick Snyder,0,8,4
Bill Melchionni,0,2,0
Walt Wesley,0,7,1
Matt Guokas,0,5,2
Jim Barnett,0,10,0
Henry Akin,0,2,0
Neil Johnson,0,4,0
Joe Ellis,0,8,0
Freddie Lewis,0,2,0
Freddie Crawford,0,3,0
Dorie Murrey,0,5,0
Toby Kimball,0,9,0
Dave Schellhase,0,2,0
Jim Ware,0,2,0
Tom Kron,0,3,0
John Block,0,7,1
Wayne Molis,0,1,0
Hank Finkel,0,9,0
John Austin,0,1,0
Nate Bowman,0,5,0
Dave Deutsch,0,1,0
Bob Hogsett,0,1,0
Earl Monroe,0,11,1
Bob Rule,0,5,0
Al Tucker,0,2,0
Jimmy Walker,0,8,0
Clem Haskins,0,8,1
Walt Frazier,0,10,3
Arthur Williams,0,7,0
Pat Riley,0,8,0
Phil Jackson,0,11,1
Bill Bradley,0,10,0
Bill Dinwiddie,0,4,0
Mal Graham,0,2,0
Ed Manning,0,3,0
Nick Jones,0,3,0
Johnny Jones,0,1,0
Stan McKenzie,0,6,0
Bobby Lewis,0,4,0
Bill Turner,0,4,0
George Lehmann,0,2,0
Jim Davis,0,6,1
John Wetzel,0,7,0
Dennis Hamilton,0,0,2
George Patterson,0,1,0
Plummer Lott,0,2,0
Gary Gray,0,1,0
Dave Lattin,0,2,0
Charles Acton,0,1,0
Paul Long,0,3,0
Lloyd Dove,0,2,0
Ron Filipek,0,1,0
Rick Weitzman,0,1,0
Tyrone Britt,0,1,0
Cliff Anderson,0,2,0
Jim Reid,0,0,1
Jay Miller,0,2,0
Craig Spitzer,0,1,0
Ken Wilburn,0,1,1
Jim Burns,0,1,0
Roland West,0,1,0
George Carter,0,0,1
Al Jackson,0,0,0
Jim Caldwell,0,0,0
Elvin Hayes,0,15,1
Wes Unseld,0,5,8
Art Harris,0,3,0
Gary Gregor,0,5,0
Tom Boerwinkle,0,9,1
Greg Smith,0,3,7
Bob Kauffman,0,6,1
Ron Williams,0,8,0
Otto Moore,0,7,0
Stu Lantz,0,7,0
Bill Hewitt,0,5,0
Rick Adelman,0,6,0
Dave Newmark,0,2,0
Joe Kennedy,0,2,0
Dick Cunningham,0,5,1
Sam Williams,0,2,0
Don May,0,5,1
Fred Foster,0,7,0
Shaler Halimon,0,2,0
Barry Orms,0,1,0
Dale Schlueter,0,6,4
Wilmer Hosket,0,2,2
Mike Riordan,0,7,1
Pat Frink,0,1,0
Loy Petersen,0,2,0
Skip Harlicka,0,1,0
Bob Quick,0,3,0
Al Hairston,0,2,0
Don Chaney,0,10,0
John Trapp,0,4,0
Jay Carty,0,1,0
Rich Johnson,0,2,1
Craig Raymond,0,1,0
Tom Workman,0,1,0
Charlie Paulk,0,2,0
Bob Allen,0,1,0
Harry Barnes,0,1,0
Rod Knowles,0,1,0
Dwight Waller,0,1,0
Cliff Williams,0,1,0
Doug Sims,0,1,0
Ed Biedenbach,0,0,0
Kareem Abdul-Jabbar,0,1,19
Connie Hawkins,0,6,0
Bob Dandridge,0,10,3
Jim Fox,0,4,3
Eldo Garrett,0,4,0
Lucius Allen,0,8,1
Norm Van Lier,0,9,0
Jojo White,0,11,0
Mike Davis,0,4,0
Neal Walk,0,7,0
Rick Roberson,0,7,0
Bernie Williams,0,2,0
Zaid Abdul-Aziz,0,8,0
Bingo Smith,0,10,0
Luke Rackley,0,3,0
Butch Beard,0,4,4
Herm Gilliam,0,8,0
Bob Portman,0,4,0
Fred Carter,0,6,0
Lee Winfield,0,6,1
Steve Kuberski,0,8,0
Willie McCarter,0,3,0
Lamar Green,0,6,0
Carlos Ogden,0,2,0
Wally Anderzunas,0,1,0
Mike Lynn,0,2,0
Steve Mix,0,7,6
Johnny Warren,0,5,0
Bob Greacen,0,2,0
Grady O'Malley,0,1,0
John Arthurs,0,1,0
Brian Heaney,0,0,1
George Reynolds,0,1,0
Johnny Baum,0,2,0
Rich Niemann,0,1,0
Geoff Petrie,0,6,0
Pete Maravich,0,9,0
Dave Cowens,0,11,0
Nate Archibald,0,13,0
Calvin Murphy,0,12,1
Bob Lanier,0,4,9
John Johnson,0,10,0
Sam Lacey,0,11,1
Don Adams,0,5,0
John Hummer,0,5,0
Dave Sorenson,0,2,0
Spencer Haywood,0,11,0
Jim McMillian,0,8,1
Pete Cross,0,2,0
Dennis Awtrey,0,11,1
Greg Hyder,0,1,0
Rudy Tomjanovich,0,6,5
Cornell Warner,0,5,0
Garfield Heard,0,9,0
Terry Driscoll,0,4,0
Bobby Washington,0,2,0
Joe Cooke,0,1,0
Bob Arnzen,0,1,0
Fred Taylor,0,1,0
Jimmy Collins,0,2,0
Ron Knight,0,2,0
John Vallely,0,1,0
Greg Howard,0,2,0
Larry Mikan,0,1,0
Bob Christian,0,3,1
Levi Fontaine,0,1,0
Bill Zopf,0,1,0
Rex Morgan,0,2,0
Garfield Smith,0,2,0
Greg Fillmore,0,2,0
George Johnson,0,20,3
Mike Silliman,0,1,0
Herb White,0,1,0
Mike Price,0,3,0
Gary Zeller,0,2,0
Harvey Marlatt,0,2,1
Jeff Webb,0,1,0
Eddie Mast,0,3,0
Thomas Barr,0,1,0
Walt Gilmore,0,1,0
Joe Thomas,0,1,0
Curtis Perry,0,7,0
Gary Suiter,0,1,0
Ralph Ogden,0,1,0
Jake Ford,0,1,1
Paul Ruffner,0,3,0
Claude English,0,1,0
Bob Riley,0,1,0
Marv Winkler,0,1,0
Al Henry,0,2,0
Alvin Holt,0,1,0
Bill Stricker,0,0,1
Dennis Stewart,0,1,0
Ernie Killum,0,0,0
Sidney Wicks,0,10,0
Elmore Smith,0,5,2
Randy Smith,0,12,0
Phil Chenier,0,9,0
Nate Williams,0,5,1
Curtis Rowe,0,7,1
Austin Carr,0,9,0
John Mengelt,0,7,1
Cliff Meely,0,4,0
Dennis Layton,0,4,1
Fred Hilton,0,2,0
Dave Wohl,0,4,0
Mike Newlin,0,10,1
Charlie Davis,0,10,0
Stan Love,0,4,0
Willie Norwood,0,3,3
Clifford Ray,0,3,7
Charlie Yelverton,0,1,0
Howard Porter,0,5,0
George Trapp,0,5,1
Larry Steele,0,7,2
Dean Meminger,0,4,2
Dick Gibbs,0,4,0
Steve Patterson,0,4,0
Gil McGregor,0,1,0
Isaiah Wilson,0,1,0
Jeff Halliburton,0,1,0
Fred Brown,0,11,2
Kenny McIntosh,0,3,0
Jim Marsh,0,1,0
Tom Payne,0,1,0
Charlie Scott,0,8,0
Jim McDaniels,0,5,0
Rich Rinaldi,0,3,0
Jim Cleamons,0,8,0
Ken Durrett,0,3,0
Barry Yates,0,1,0
Odis Allison,0,1,0
Clarence Glover,0,1,0
Jackie Ridgle,0,1,0
Chuck Lowery,0,1,0
Jackie Dinkins,0,1,0
Barry Nelson,0,1,0
Vic Bartolome,0,1,0
Sid Catlett,0,1,0
Bob McAdoo,0,6,5
Lloyd Neal,0,6,1
Emanuel Leaks,0,2,0
John Brisker,0,3,0
Fred Boyd,0,5,0
Ollie Johnson,0,5,4
Double D Davis,0,5,0
Ron Riley,0,3,0
Corky Calhoun,0,7,0
Isaac Stallworth,0,5,0
Chris Ford,0,9,0
Kevin Porter,0,6,3
Steve Bracey,0,3,0
Edward Davis,0,4,1
Jim Price,0,4,0
Charlie Johnson,0,6,0
Larue Martin,0,4,0
Joby Wright,0,1,0
Paul Westphal,0,6,6
Mike Ratliff,0,1,0
Henry Bibby,0,8,0
John Gianelli,0,7,0
Russell Lee,0,3,0
Chuck Terry,0,3,0
Rowland Garrett,0,3,0
Travis Grant,0,2,0
Paul McCracken,0,3,0
Scott English,0,1,0
Eric McWilliams,0,1,0
Paul Stovall,0,1,0
Frank Russell,0,1,0
Tommy Patterson,0,1,0
Justus Thigpen,0,2,0
Bob Nash,0,3,1
Tom Riker,0,3,0
Charles Dudley,0,3,3
Harold Fox,0,1,0
John Tschogl,0,3,0
Harthorne Wingo,0,4,0
Bob Davis,0,1,0
Sam Sibert,0,1,0
Frank Schade,0,1,0
Mark Minor,0,1,0
Luther Green,0,0,0
Roger Brown,0,3,0
Ernie DiGregorio,0,4,0
Ron Behagen,0,5,0
Mike Bantom,0,8,1
John Brown,0,6,0
Ed Ratleff,0,5,0
Dwight Jones,0,8,1
Bernie Fryer,0,2,0
Jim Brewer,0,7,1
Gary Melchionni,0,2,0
Slick Watts,0,5,0
Nick Weatherspoon,0,6,0
Larry McNeill,0,4,0
E.C. Coleman,0,4,2
Derrek Dickey,0,4,0
Allan Bristow,0,9,0
Luke Witte,0,3,0
Mike D'Antoni,0,4,0
Louie Nelson,0,3,1
Ken Charles,0,5,0
Doug Collins,0,5,3
Kermit Washington,0,4,5
Bill Chamberlain,0,1,0
Tom Kozelko,0,3,0
Tom Ingelsby,0,1,0
Larry Cannon,0,1,0
Phil Hankinson,0,1,1
Nate Hawthorne,0,3,0
Rod Freeman,0,1,0
Bob Verga,0,1,0
Ben Kelso,0,1,0
Mel Davis,0,3,0
Steve Downing,0,1,0
Jim Owens,0,1,1
Mike Macaluso,0,1,0
Mark Sibley,0,1,0
Vester Marshall,0,1,0
Joe Reaves,0,0,1
Ted Manakas,0,1,0
Allie McGuire,0,0,1
Jim Garvin,0,1,0
Dennis Bell,0,2,0
John Drew,0,10,1
Jamaal Wilkes,0,6,6
Jim Chones,0,7,1
Tom Henderson,0,8,0
Scott Wedman,0,10,3
Aaron James,0,5,0
Leonard Gray,0,2,0
Mike Sojourner,0,3,0
Tom Burleson,0,7,0
Kevin Kunnert,0,7,1
Brian Winters,0,8,1
George Thompson,0,1,0
Gary Brokaw,0,3,0
Phil Smith,0,7,1
Jimmy Jones,0,2,1
Bill Walton,0,2,8
Truck Robinson,0,6,3
Campy Russell,0,9,0
Fred Saunders,0,3,0
Kevin Restani,0,3,3
Earl Williams,0,3,0
Talvin Skinner,0,2,0
Rod Derline,0,2,0
Steve Hawes,0,6,3
Eric Money,0,2,2
Foots Walker,0,10,0
Don Smith,0,1,0
Bobby Wilson,0,3,1
Wardell Jackson,0,1,0
Jim Ard,0,3,0
Phil Lumpkin,0,2,0
Kevin Stacom,0,5,0
Jesse Dark,0,1,0
Glenn McDonald,0,3,0
Mickey Johnson,0,12,0
Bill Ligon,0,1,0
Gus Bailey,0,5,0
Daniel Anderson,0,2,0
Owen Wells,0,1,0
Harvey Catchings,0,8,2
Len Kosmalski,0,2,0
Leon Benbow,0,2,0
Frank Kendrick,0,1,0
Al Eberhard,0,4,0
Ben Clyde,0,1,0
Dennis DuVal,0,2,0
Connie Norman,0,2,1
Dean Tolson,0,1,1
Ken Boyd,0,0,1
Perry Warbington,0,1,0
Bernie Harris,0,1,0
Stan Washington,0,0,0
George McGinnis,0,6,0
Alvan Adams,0,7,6
Bruce Seals,0,3,0
Gus Williams,0,11,0
Joe Meriweather,0,4,5
Lionel Hollins,0,9,0
Don Ford,0,5,1
Ricky Sobers,0,11,0
Junior Bridgeman,0,10,2
Donnie Freeman,0,1,0
John Laskowski,0,2,0
Bill Robinzine,0,4,2
World Free,0,13,0
Joe Bryant,0,8,0
Dave Meyers,0,4,0
Rich Kelley,0,5,5
Bob Gross,0,3,5
Cliff Pondexter,0,3,0
Glenn Hansen,0,2,0
Steve Jones,0,1,0
Jim McElroy,0,5,1
Frank Oleynick,0,2,0
Bill Willoughby,0,6,2
Clyde Mayes,0,1,0
Lindsay Hairston,0,1,0
Tom McMillen,0,8,2
Kevin Grevey,0,10,0
Wilbur Holland,0,4,0
Robert Hawkins,0,3,1
John Lambert,0,5,0
Rudy White,0,3,1
Tom Boswell,0,1,4
Darryl Dawkins,0,2,12
Terry Thomas,0,1,0
Al Carlson,0,1,0
Jerome Anderson,0,1,1
Bob Bigelow,0,2,1
Ken Mayfield,0,1,0
Jim Creighton,0,1,0
Henry Dickerson,0,1,1
Charles Kupec,0,3,0
Jerry Baskerville,0,1,0
Tom Kropp,0,2,0
John Roche,0,4,0
Ed Searcy,0,1,0
Greg Lee,0,0,1
Larry Fogle,0,1,0
David Thompson,0,3,5
Billy Knight,0,4,3
George Gervin,0,4,6
Ron Boone,0,4,0
Julius Erving,0,5,6
Dan Issel,0,2,7
Larry Kenon,0,6,1
Maurice Lucas,0,10,1
Adrian Dantley,0,3,12
Artis Gilmore,0,0,12
Billy Paultz,0,5,3
Bobby Jones,0,2,10
Brian Taylor,0,3,3
John Shumate,0,0,1
M.L. Carr,0,8,1
Moses Malone,0,14,5
Richard Washington,0,5,0
Scott May,0,6,1
Wil Jones,0,2,0
Al Skinner,0,1,1
Lonnie Shelton,0,7,3
Dave Robisch,0,5,1
Swen Nater,0,2,6
John Lucas,0,14,0
Darnell Hillman,0,3,0
Mark Olberding,0,7,4
Mitch Kupchak,0,3,6
Ralph Simpson,0,2,0
Dan Roundfield,0,9,2
Mike Gale,0,5,0
Ron Lee,0,4,0
Dave Twardzik,0,1,3
Dennis Johnson,0,13,1
Mike Green,0,3,0
Jan Van Breda Kolff,0,6,1
Robert Parish,0,6,15
Coby Dietrick,0,6,1
Tim Bassett,0,3,0
Quinn Buckner,0,10,0
Ira Terrell,0,0,1
Don Buse,0,9,0
Earl Tatum,0,2,0
Johnny Davis,0,11,0
Leon Douglas,0,4,3
Willie Wise,0,1,0
Larry Wright,0,5,0
Mike Flynn,0,2,0
"Ted, Hound Dog McClain",0,2,0
William Averitt,0,1,0
Marvin Webster,0,6,3
Lou Dampier,0,2,1
Bob Wilkerson,0,7,0
Marvin Barnes,0,3,0
Bo Lamar,0,1,0
Caldwell Jones,0,12,2
Jim Eakins,0,1,0
Armond Hill,0,5,1
Tom Barker,0,1,0
Steve Green,0,3,0
Tom Abernethy,0,4,1
Paul Griffin,0,3,4
Scott Lloyd,0,4,0
Sonny Parker,0,3,3
Rich Jones,0,1,0
Luther Burden,0,1,1
Robin Jones,0,1,1
Wally Walker,0,6,1
Kim Hughes,0,2,2
Mel Bennett,0,3,1
Alex English,0,7,8
Roland Taylor,0,1,0
Mike Barr,0,1,0
Andre McCarter,0,2,0
Byron Beck,0,1,0
Butch Feher,0,0,1
Randy Denton,0,1,0
Lloyd Walton,0,5,0
James Silas,0,4,2
Phil Sellers,0,1,0
Tom Owens,0,3,4
Andy Walker,0,1,0
Mike Dunleavy,0,23,3
Monte Towe,0,1,0
Marshall Rogers,0,1,0
Terry Furlow,0,2,0
Henry Ward,0,1,0
George Karl,0,2,0
Eugene Kennedy,0,0,1
Joe Pace,0,2,0
Norm Cook,0,2,0
Marv Roberts,0,1,0
Mel Daniels,0,1,0
Chuckie Williams,0,1,0
Cornelius Cash,0,1,0
Ron Davis,0,3,0
Len Elmore,0,8,0
Eric Fernsten,0,4,1
Keith Starr,0,1,0
Allen Murphy,0,1,0
Darrell Elston,0,1,0
Norton Barnhill,0,1,0
Willie Smith,0,1,1
Walter Davis,0,7,8
Bernard King,0,5,9
Marques Johnson,0,3,8
James Edwards,0,10,9
Otis Birdsong,0,4,8
Norm Nixon,0,8,2
Jack Sikma,0,14,0
Charlie Criss,0,7,0
Eddie Johnson,0,24,2
Anthony Roberts,0,5,0
Ray Williams,0,9,0
Tree Rollins,0,7,11
Robert Reid,0,13,0
Chuck Williams,0,1,0
Cedric Maxwell,0,3,8
Toby Knight,0,1,3
Ernie Grunfeld,0,7,2
Alvin Scott,0,7,1
Mack Calvin,0,3,0
Mike Glenn,0,2,8
John Kuester,0,3,0
Mike Bratz,0,9,0
Tony Robertson,0,2,0
Greg Ballard,0,11,0
Glen Gondrezick,0,4,2
Mark Landsberger,0,4,2
Rickey Green,0,14,0
Bo Ellis,0,3,0
Kenny Carr,0,3,7
Tom LaGarde,0,4,1
Alonzo Bradley,0,3,0
Tate Armstrong,0,2,0
Steve Sheppard,0,1,0
Bayard Forrest,0,2,0
Eric Marsh,0,1,0
T.R. Dunn,0,13,1
Ben Poquette,0,6,4
Wesley Cox,0,2,0
Joey Hassett,0,5,0
Phil Walker,0,1,0
Greg Griffin,0,1,0
Robert Smith,0,5,1
Mark Crow,0,1,0
Johnny Neumann,0,1,0
Brad Davis,0,6,9
Claude Terry,0,1,0
Al Fleming,0,1,0
Scott Sims,0,1,0
Jim Bostic,0,0,1
Rich Laurel,0,1,0
Eddie Owens,0,1,0
Larry Moffett,0,1,0
Glenn Mosley,0,2,0
Wayman Britt,0,1,0
Larry Johnson,0,8,3
Phil Bond,0,1,0
John Williamson,0,2,0
Reggie Theus,0,13,0
John Long,0,13,1
Phil Ford,0,6,1
Ron Brewer,0,7,1
Mychal Thompson,0,6,6
Terry Tyler,0,9,2
Eddie Jordan,0,5,0
Mike Mitchell,0,6,3
Purvis Short,0,11,1
Freeman Williams,0,5,0
Jeff Judkins,0,3,2
Maurice Cheeks,0,4,11
Winford Boynes,0,3,0
Billy McKinney,0,4,2
Jack Givens,0,2,0
Wilson Washington,0,0,1
Joel Kramer,0,4,1
Micheal Ray Richardson,0,8,0
James Hardy,0,3,1
Kenny Higgs,0,3,0
Raymond Townsend,0,3,0
Wayne Cooper,0,14,0
Clemon Johnson,0,7,3
Tommy Green,0,1,0
Wayne Radford,0,1,0
Rick Wilson,0,2,0
John Rudd,0,1,0
Dave Corzine,0,11,2
Harry Davis,0,1,1
Ron Carter,0,2,0
Bob Elliott,0,1,2
Roger Phegley,0,4,0
Lars Hansen,0,0,1
Essie Hollis,0,1,0
Kim Anderson,0,1,0
Jacky Dorsey,0,1,1
Sammy Smith,0,2,0
Jackie Robinson,0,2,1
John Olive,0,1,0
Keith Herron,0,3,0
Phil Hicks,0,1,0
Jerome Whitehead,0,6,3
Greg Bunch,0,1,0
Jeffrey Crompton,0,4,1
Ray Epps,0,1,0
Dennis Boyd,0,1,0
Michael Cooper,0,8,4
Stan Pietkiewicz,0,1,1
Del Beshore,0,1,0
Bill Cartwright,0,7,8
Larry Bird,0,8,5
Magic Johnson,0,4,9
David Greenwood,0,9,3
Cliff T. Robinson,0,10,0
Rick Robey,0,4,3
Allen Leavell,0,9,1
Abdul Jeelani,0,1,1
Greg Kelser,0,3,2
Dudley Bradley,0,8,1
Reggie King,0,2,4
Sidney Moncrief,0,8,3
Terry Duerod,0,3,0
Phil Hubbard,0,7,3
Larry Demic,0,2,1
Don Williams,0,1,0
Mike Evans,0,9,0
Gerald Henderson,0,18,3
Pat Cummings,0,6,6
Major Jones,0,3,3
Hollis Copeland,0,2,0
Johnny High,0,4,0
Gus Gerard,0,1,0
Jeff Cook,0,8,0
Clint Richardson,0,8,0
Gary Garland,0,1,0
Roylee Hamilton,0,2,0
Paul Dawkins,0,1,0
James Bailey,0,8,1
Sly Williams,0,6,1
Geoff Huston,0,6,1
Jim Spanarkel,0,5,0
Billyray Bates,0,4,0
Wiley Peck,0,1,0
Earl Evans,0,1,0
Marlon Redmond,0,1,0
Vinnie Johnson,0,11,2
Sam Pellom,0,4,0
Brad Holland,0,2,0
Irv Kiffin,0,1,0
John Coughran,0,1,0
Marty Byrnes,0,2,1
Lawrence Boston,0,1,0
Bernard Toone,0,1,0
Sylvester Norris,0,1,0
Bob Carrington,0,1,0
Paul Mokeski,0,11,0
Lynbert Johnson,0,1,0
Thomas Wilson,0,1,0
Arvid Kramer,0,1,0
Andre Wakefield,0,1,0
Tony Zeno,0,1,0
Greg Deane,0,1,0
Terry Crosby,0,0,1
Carl Kilpatrick,0,0,1
Darrell Griffith,0,10,0
Joe Barry Carroll,0,8,2
Kelvin Ransey,0,6,0
Michael Brooks,0,5,1
Calvin Natt,0,4,6
Andrew Toney,0,5,3
Don Collins,0,4,2
Darwin Cook,0,8,0
Mike O'Koren,0,6,2
Louis Orr,0,8,0
Kevin McHale,0,1,12
Reggie Johnson,0,3,0
Bill Laimbeer,0,8,6
Larry Smith,0,4,9
Mike Gminski,0,10,4
Kyle Macy,0,3,4
Wayne Robinson,0,1,0
Johnny Moore,0,9,0
Kiki Vandeweghe,0,6,7
Cedrick Hordges,0,2,0
Edgar Jones,0,1,4
Larry Drew,0,9,1
Lowes Moore,0,2,1
Calvin Garrett,0,3,1
Bill Hanzlik,0,10,0
Mike Woodson,0,9,1
James Donaldson,0,1,13
Charles Whitney,0,2,0
Butch Carter,0,5,1
Jeff Wilkins,0,5,0
Rick Mahorn,0,12,6
Craig Shelton,0,2,0
Sam Worthen,0,2,0
Earl Cureton,0,10,2
Lorenzo Romar,0,3,1
Dewayne Scales,0,2,1
James Wilkes,0,3,0
Billy Reid,0,1,0
Carlos Terry,0,2,1
Michael Wiley,0,0,2
Rickey Brown,0,4,1
Reggie Carter,0,2,0
Mike Harper,0,2,0
Clarence Kea,0,1,1
Mike Niles,0,1,0
Art Collins,0,1,0
Jerry Sichting,0,5,5
Frankie Sanders,0,1,0
Ron Valentine,0,1,0
John Duren,0,3,0
Walter Jordan,0,1,0
Tony Fuller,0,1,0
Darrell Allums,0,1,0
Kenny Natt,0,1,1
Rory Sparrow,0,11,1
Wally Rank,0,1,0
Alan Hardy,0,2,0
Jamesearl Ray,0,3,0
Brett Vroman,0,1,0
Ronnie Lester,0,4,2
Wayne Kreklow,0,1,0
John Stroud,0,1,0
Bill Mayfield,0,1,0
Ralph Drollinger,0,0,1
Ed Lawrence,0,0,1
Norman Black,0,1,0
Myles Patrick,0,1,0
David Britton,0,0,1
Jawann Oldham,0,5,5
Keith McCord,0,0,1
Tony Price,0,1,0
Lewis Brown,0,0,0
Tony Jackson,0,1,0
Kelly Tripucka,0,10,0
Jay Vincent,0,9,0
Buck Williams,0,0,17
Isiah Thomas,0,13,0
Jeff Ruland,0,1,7
Rolando Blackman,0,9,4
Steve Johnson,0,0,10
Mark Aguirre,0,10,3
Herb Williams,0,16,2
Albert King,0,9,0
Frank Johnson,0,10,0
Gene Banks,0,1,5
Elston Turner,0,8,0
Dan Schayes,0,13,5
Carl Nicks,0,2,0
Rudy Macklin,0,3,0
Orlando Woolridge,0,7,6
Larry Nance,0,1,12
Darnell Valentine,0,8,0
Kevin Loder,0,3,0
John Douglas,0,2,0
Jim Brogan,0,2,0
Danny Vranes,0,4,3
Alton Lister,0,7,9
Samuel Williams,0,2,2
Peter Verhoeven,0,2,4
Kurt Nimphius,0,6,1
Wes Matthews,0,7,1
Kurt Rambis,0,2,12
Jeff Lamp,0,3,1
Ray Blume,0,1,0
Danny Ainge,0,12,2
Petur Gudmundsson,0,2,2
Jim Smith,0,0,2
Ed Rains,0,2,0
Mike McGee,0,7,2
Charles Bradley,0,3,0
Bobby Cattage,0,2,0
Franklin Edwards,0,6,1
Kenny Dennard,0,2,1
Mark Radford,0,1,1
Howard Wood,0,1,0
Alex Bradley,0,0,1
Garry Witts,0,0,1
Hank McDowell,0,5,1
Mickey Dillard,0,1,0
Kevin McKenna,0,6,0
Lewis Lloyd,0,0,7
Brad Branson,0,2,0
Ollie Mack,0,1,0
Craig Dykema,0,1,0
Rich Yonakor,0,0,1
Clay Johnson,0,2,1
John McCullough,0,0,1
Larry Spriggs,0,2,3
Glenn Hagan,0,1,0
Roger Burkman,0,0,0
Joe Cooper,0,1,2
Rock Lee,0,0,1
Terry Cummings,0,16,2
Clark Kellogg,0,3,2
Dominique Wilkins,0,15,0
Quintin Dailey,0,10,0
James Worthy,0,4,8
Rod Higgins,0,11,2
Al Wood,0,5,0
Jerry Eaves,0,3,1
Terry Teagle,0,10,1
Craig Hodges,0,9,1
Trent Tucker,0,10,1
Lafayette Lever,0,11,0
Sleepy Floyd,0,12,1
Paul Pressey,0,9,2
Rob Williams,0,2,0
Tracy Jackson,0,2,0
Mitchell Anderson,0,2,1
Russ Schoene,0,4,0
Bill Garnett,0,3,1
Marc Iavaroni,0,7,0
Richard Anderson,0,6,0
Edmund Sherod,0,1,0
John Bagley,0,10,0
LaSalle Thompson,0,11,4
Lester Conner,0,11,0
Ray Tolbert,0,1,3
Ed Nealy,0,5,5
Mark Eaton,0,8,3
Cliff Levingston,0,4,7
Rory White,0,2,3
Bruce Flowers,0,0,1
Linton Townes,0,1,1
Brook Steppe,0,5,0
Steve Hayes,0,2,2
Jose Slaughter,0,1,0
David Thirdkill,0,4,0
Mike Sanders,0,8,3
Walker Russell,0,4,1
Dave Batton,0,1,1
Bryan Warrick,0,3,0
Darren Tillis,0,2,0
Jeff Taylor,0,1,1
Eddie Phillips,0,1,0
Rickey Williams,0,1,0
Corny Thompson,0,1,0
Keith Edmonson,0,2,0
Oliver Robinson,0,1,0
Vince Taylor,0,1,0
Ricky Pierce,0,10,6
Chris Engler,0,5,0
Mark McNamara,0,4,2
Joe Kopicki,0,2,1
Audie Norris,0,1,2
Charlie Pittman,0,2,2
Derek Smith,0,5,4
Scott Hastings,0,9,2
Jim Johnstone,0,1,0
John Cox,0,1,0
Dwight Anderson,0,0,1
John Greig,0,0,1
Guy Morgan,0,1,0
Michael Davis,0,1,0
Dave Magley,0,1,0
Jim Zoet,0,1,0
Ralph Sampson,0,7,2
Mitchell Wiggins,0,6,0
Jeff Malone,0,10,3
Steve Stipanovich,0,4,1
Rodney McCray,0,6,4
Byron Scott,0,11,3
Doc Rivers,0,13,0
Paul Thompson,0,2,0
Thurl Bailey,0,10,2
Ennis Whatley,0,8,2
Rod Foster,0,3,0
Darrell Walker,0,10,0
Clyde Drexler,0,13,2
Fred Roberts,0,9,4
Dale Ellis,0,14,3
Jon Sundvold,0,9,0
Derek Harper,0,13,3
Darren Daye,0,2,3
Jim Thomas,0,4,0
Roy Hinson,0,4,4
Randy Wittman,0,4,5
Howard Carter,0,2,0
Sidney Lowe,0,3,0
Granville Waiters,0,4,1
Dane Suttle,0,1,1
Sidney Green,0,10,0
Stewart Granger,0,3,0
Leroy Combs,0,1,0
Randy Breuer,0,10,1
Russell Cross,0,0,1
Bob Hansen,0,8,1
Sedale Threatt,0,10,4
John Paxson,0,7,4
John Garris,0,0,1
Scooter McCray,0,2,1
Pace Mannion,0,5,1
Larry Micheaux,0,0,1
Wallace Bryant,0,3,0
Kevin Williams,0,5,0
Greg Kite,0,12,0
Carlos Clark,0,2,0
Mike Gibson,0,2,0
Leo Rautins,0,1,0
Mark West,0,5,12
Tom Piotrowski,0,1,0
Bruce Kuczenski,0,1,0
Craig Ehlo,0,14,0
John Pinone,0,0,1
Ken Austin,0,1,0
Brant Weidner,0,1,0
Bob Miller,0,0,1
Charles Jones,0,11,7
Mike Wilson,0,1,0
Michael Jordan,0,9,6
Hakeem Olajuwon,0,4,14
Charles Barkley,0,6,10
Vern Fleming,0,5,7
Otis Thorpe,0,2,15
Sam Perkins,0,16,1
Mel Turpin,0,1,4
Kevin Willis,0,14,7
Sam Bowie,0,9,1
Alvin Robertson,0,8,2
Tim McCormick,0,4,4
Jay Humphries,0,9,2
Michael Holton,0,5,1
Steve Colter,0,8,0
Tony Brown,0,7,0
Michael Cage,0,4,11
Terence Stansbury,0,3,0
Ken Bannister,0,3,2
Antoine Carr,0,9,7
Jerome Kersey,0,15,2
John Stockton,0,7,12
Jeff Turner,0,9,1
Frank Brickowski,0,4,8
Chuck Aleksinas,0,1,0
Othell Wilson,0,2,0
Tony Campbell,0,10,1
Devin Durrant,0,2,0
Eddielee Wilkins,0,5,1
Lancaster Gordon,0,4,0
Gary Plummer,0,2,0
Ozell Jones,0,0,1
Peter Thibeaux,0,2,0
Ron Anderson,0,10,0
Cory Blackwell,0,1,0
Bernard Thompson,0,5,0
Steve Burtt,0,4,0
Kenny Fields,0,3,1
Jim Petersen,0,6,2
Willie White,0,2,0
Leon Wood,0,5,0
Stuart Gray,0,6,1
Wayne Sappleton,0,1,0
Charlie Sitton,0,1,0
Ron Cavenall,0,1,1
Tom Sluby,0,0,1
Rick Carlisle,0,5,0
Guy Williams,0,2,0
John Schweitz,0,1,0
Tom Scheffler,0,1,0
David Pope,0,2,0
Jay Murphy,0,4,0
Tom Sewell,0,1,0
Kent Edelin,0,1,0
Butch Graves,0,1,0
Danny Young,0,8,2
Michael Young,0,2,0
Ralph Jackson,0,1,0
Earl Jones,0,1,0
Xavier McDaniel,0,11,1
Karl Malone,0,7,12
Wayman Tisdale,0,4,8
Gerald Wilkins,0,12,0
Patrick Ewing,0,8,9
Benoit Benjamin,0,11,4
Joe Dumars,0,13,1
Chris Mullin,0,8,8
Charles Oakley,0,13,6
Jon Koncak,0,8,3
Ed Pinckney,0,2,10
Spud Webb,0,12,0
Terry Porter,0,15,2
A.C. Green,0,9,7
Terry Catledge,0,7,1
Keith Lee,0,3,0
Dirk Minniefield,0,3,0
Joe Kleine,0,15,0
Detlef Schrempf,0,12,4
Carey Scurry,0,3,0
Alfredrick Hughes,0,1,0
Bob Thornton,0,7,1
Bill Martin,0,3,0
Manute Bol,0,9,1
Mike Phelps,0,3,0
John Battle,0,9,1
Ken Johnson,0,1,1
Steve Harris,0,5,0
Georgi Glouchkov,0,1,0
Jerry Reynolds,0,8,0
Bill Wennington,0,12,1
Sam Vincent,0,7,0
Chris McNealy,0,3,0
Fred Cofield,0,2,0
Dwayne McClain,0,1,0
Blair Rasmussen,0,8,0
Pete Williams,0,0,2
Greg Stokes,0,2,0
Uwe Blab,0,5,0
Lorenzo Charles,0,0,1
Mike Smrek,0,5,1
Sedric Toney,0,5,0
Carl Henry,0,1,0
Tyrone Corbin,0,14,2
Ben McDonald,0,3,1
Mike Brittain,0,1,1
Nick Vanos,0,2,0
Harold Keeling,0,1,0
Michael Adams,0,11,0
Ken Green,0,1,0
Jeff Cross,0,1,0
David Cooke,0,1,0
Voise Winters,0,1,0
Jerome Henderson,0,1,1
Alex Stivrins,0,2,0
Derrick Rowland,0,1,0
Claude Gregory,0,1,1
Yvon Joseph,0,0,0
Ron Crevier,0,0,0
Ron Harper,0,14,1
Chuck Person,0,12,1
Brad Daugherty,0,2,6
Hot Rod Williams,0,11,2
Walter Berry,0,0,3
Johnny Dawkins,0,8,1
John Williams,0,8,0
Kenny Walker,0,6,1
Brad Sellers,0,6,0
Dwayne Washington,0,3,0
Roy Tarpley,0,3,3
Mark Alarie,0,5,0
Dennis Rodman,0,7,7
Mark Price,0,10,2
Ben Coleman,0,4,1
Larry Krystkowiak,0,8,1
John Salley,0,6,5
Jeff Hornacek,0,8,6
Kenny Gattison,0,3,5
Nate McMillan,0,12,0
Rafael Addison,0,6,0
Kevin Duckworth,0,11,0
Grant Gondrezick,0,2,0
William Bedford,0,6,0
Billy Thompson,0,3,2
Dell Curry,0,16,0
Anthony Jones,0,3,0
Harold Pressley,0,4,0
Johnny Newman,0,15,1
Tim Kempton,0,6,1
Mike Brown,0,8,3
Perry Moss,0,1,0
Dave Feitl,0,5,0
Buck Johnson,0,5,2
Johnny Rogers,0,2,0
Mo Martin,0,2,0
Adrian Branch,0,3,1
Keith Smith,0,1,0
Chris Washburn,0,2,0
Clinton Smith,0,1,1
Conner Henry,0,2,0
Otis Smith,0,6,0
Steffond Johnson,0,1,0
Pete Myers,0,8,1
Kenny Green,0,1,0
Dennis Nutt,0,1,0
Brad Wright,0,2,0
Scott Skiles,0,10,0
Greg Dreiling,0,7,3
Fernando Martin,0,1,0
Forrest McKenzie,0,1,0
Bruce Douglas,0,1,0
Joe Binion,0,1,0
Perry Young,0,1,0
Ron Rowan,0,1,0
Cedric Henderson,0,5,1
Myron Jackson,0,1,0
Curtis Kitchen,0,0,1
Kevin Henderson,0,2,0
Andre Turner,0,5,1
Mckinley Singleton,0,0,1
Jim Lampley,0,1,0
Dwayne Polee,0,1,0
Mark Jackson,0,17,0
Greg Anderson,0,4,6
Kenny Smith,0,8,2
Winston Garland,0,7,0
Reggie Miller,0,14,4
Armen Gilliam,0,8,5
Kevin Johnson,0,8,4
Derrick McKey,0,12,3
Tellis Frank,0,4,1
Scottie Pippen,0,15,2
Horace Grant,0,5,12
Dennis Hopson,0,5,0
Ken Norman,0,6,4
Dallas Comegys,0,2,0
Muggsy Bogues,0,13,0
Reggie Williams,0,16,1
Olden Polynice,0,6,8
Joe Wolf,0,9,1
Brad Lohaus,0,11,0
Mark Acres,0,2,4
Tony White,0,1,0
Reggie Lewis,0,5,1
Eric White,0,0,2
Chris Dudley,0,15,0
Michael Jackson,0,3,0
Norris Coleman,0,1,0
Milt Wagner,0,2,0
Clinton Wheeler,0,1,1
Dave Henderson,0,1,0
Ricky Wilson,0,1,0
Billy Donovan,0,1,0
Winston Crite,0,0,1
Scott Roth,0,3,0
Ralph Lewis,0,2,1
John Stroeder,0,2,0
Jim Farmer,0,5,0
Steve Alford,0,3,1
Duane Washington,0,1,0
Vincent Askew,0,8,1
Chris Welp,0,2,1
Martin Nessley,0,1,0
Bart Kofoed,0,4,0
Jamie Waller,0,1,0
Nate Blackwell,0,1,0
Ronnie Murphy,0,1,0
Joe Arlauckas,0,1,0
Phil Zevenbergen,0,0,1
Andre Moore,0,1,0
Ron Moore,0,1,0
Nikita Wilson,0,1,0
Eddie Hughes,0,3,0
Richard Rellford,0,0,1
Mark Wade,0,1,0
Rickie Winslow,0,1,0
Brian Rowsom,0,2,0
Kannard Johnson,0,1,0
Kevin Gamble,0,5,4
Mitch Richmond,0,14,0
Willie Anderson,0,9,0
Rex Chapman,0,12,0
Hersey Hawkins,0,13,0
Charles Smith,0,16,1
Kevin Edwards,0,11,0
Chris Morris,0,11,0
Grant Long,0,15,0
Rik Smits,0,6,6
Vernon Maxwell,0,13,0
Ledell Eackles,0,7,0
Rony Seikaly,0,7,4
Gary Grant,0,11,1
Derrick Chievous,0,3,0
Rod Strickland,0,17,0
Ricky Berry,0,1,0
Brian Shaw,0,13,0
Vinny Del Negro,0,11,1
Dan Majerle,0,14,0
Tom Garrick,0,4,0
Sylvester Gray,0,1,0
Danny Manning,0,8,7
Scott Brooks,0,10,0
Harvey Grant,0,11,0
John Shasky,0,3,0
Eric Leckner,0,3,5
Mark Bryant,0,10,5
Jerome Lane,0,4,1
Tim Perry,0,4,4
Shelton Jones,0,1,0
Kelvin Upshaw,0,3,0
Michael Anderson,0,1,0
Charles Shackleford,0,5,1
Ronnie Grandison,0,3,1
Randolph Keys,0,5,0
Andrew Lang,0,8,4
Anthony Bowie,0,6,2
Anthony Frederick,0,2,1
John Starks,0,13,0
Anthony Taylor,0,1,0
Jose Ortiz,0,2,0
Jim Les,0,7,0
David Rivers,0,3,0
Bill Jones,0,1,0
Mark Davis,0,6,0
Micheal Williams,0,9,1
Todd Mitchell,0,1,0
Craig Neal,0,2,0
Morlon Wiley,0,7,0
Jack Haley,0,9,0
Duane Ferrell,0,10,1
Jeff Grayer,0,8,1
Avery Johnson,0,14,2
Corey Gaines,0,5,0
Will Perdue,0,5,8
Everette Stephens,0,1,1
Greg Butler,0,3,0
Steve Kerr,0,11,4
Tito Horford,0,2,0
Ramon Rivas,0,1,0
Tom Tolbert,0,7,0
Fennis Dembo,0,1,0
Dave Popson,0,3,0
Robert Lock,0,1,0
Wayne Englestad,0,1,0
Ben Gillery,0,1,0
Dominic Pressley,0,1,0
Randy Allen,0,2,0
Rolando Ferreira,0,1,0
Orlando Graham,0,1,0
Jim Rowinski,0,2,0
Richard Morton,0,0,1
Keith Smart,0,0,0
Barry Sumpter,0,0,0
David Wood,0,5,1
Mike Champion,0,0,0
Robert Rose,0,0,0
David Robinson,0,2,12
Tim Hardaway,0,13,0
Sherman Douglas,0,8,4
Glen Rice,0,17,0
Sam Mitchell,0,13,0
Pooh Richardson,0,10,0
Nick Anderson,0,13,0
J.R. Reid,0,10,1
Sarunas Marciulionis,0,3,4
Sean Elliott,0,12,0
Dana Barros,0,13,1
Clifford Robinson,0,18,0
Stacey King,0,5,3
Blue Edwards,0,6,4
Vlade Divac,0,11,5
Todd Lichti,0,5,0
Michael Ansley,0,2,1
Drazen Petrovic,0,2,2
Shawn Kemp,0,8,6
Mookie Blaylock,0,13,0
B.J. Armstrong,0,11,0
Jeff Martin,0,2,0
Donald Royal,0,7,1
Alexander Volkov,0,2,0
Winston Bennett,0,3,0
Michael Smith,0,5,5
Tom Hammonds,0,9,3
Terry Davis,0,8,2
Delaney Rudd,0,4,0
Pervis Ellison,0,6,5
Byron Irvin,0,2,1
Derrick Gervin,0,2,0
Kenny Battle,0,2,2
Randy White,0,5,0
Greg Grant,0,6,0
Ed Horton,0,1,0
Scott Haffner,0,2,0
Henry Turner,0,2,0
John Morton,0,3,0
Doug West,0,10,2
George McCloud,0,12,0
Byron Dinkins,0,2,0
Kenny Payne,0,4,0
Frank Kornet,0,2,0
Adrian Caldwell,0,3,2
Doug Roth,0,1,0
Lanard Copeland,0,2,0
Mike Morrison,0,1,0
Zarko Paspalj,0,1,0
Jaren Jackson,0,11,0
Scott Meents,0,2,0
Eric Johnson,0,1,0
Jay Taylor,0,1,0
Roy Marble,0,2,0
Nate Johnston,0,1,0
Brian Quinnett,0,3,0
Dyron Nix,0,1,0
Anthony Mason,0,5,8
Stanley Brundy,0,0,1
Gary Leonard,0,1,1
Jeff Sanders,0,4,0
Tim Legler,0,8,2
Bob McCann,0,4,0
Steve Bucknall,0,1,0
Mel McCants,0,1,0
Terry Dozier,0,1,0
Carlton McKinney,0,2,0
Raymond Brown,0,1,0
Stan Kimbrough,0,2,0
Mike Williams,0,1,0
Mike Higgins,0,1,1
Leonard Taylor,0,0,0
Jay Edwards,0,1,0
Haywoode Workman,0,6,2
Jeff Lebo,0,1,0
Clifford Lett,0,2,0
Torgeir Bryn,0,0,0
Gary Voce,0,1,0
Dexter Shouse,0,0,0
Lionel Simmons,0,7,0
Derrick Coleman,0,14,1
Dennis Scott,0,10,0
Mahmoud Abdul-Rauf,0,9,0
Travis Mays,0,3,0
Willie Burton,0,8,0
Kendall Gill,0,15,0
Dee Brown,0,14,0
Danny Ferry,0,13,0
A.J. English,0,2,0
Gary Payton,0,15,2
Felton Spencer,0,8,4
Duane Causwell,0,3,8
Cedric Ceballos,0,7,4
Marcus Liberty,0,4,0
Gerald Paddio,0,3,0
Alec Kessler,0,4,0
Bo Kimble,0,3,0
Bimbo Coles,0,14,0
Loy Vaught,0,6,5
Tyrone Hill,0,7,7
Gerald Glass,0,4,0
Terry Mills,0,10,1
Anthony Cook,0,3,1
Henry James,0,7,0
Brian Oliver,0,4,0
Jerrod Mustaf,0,4,0
Rumeal Robinson,0,6,0
Anthony Bonner,0,5,1
Kevin Pritchard,0,3,1
Kennard Winchester,0,3,0
Mario Elie,0,9,2
Greg Foster,0,12,1
Tony Smith,0,9,0
Jud Buechler,0,11,1
Sean Higgins,0,5,0
Kenny Williams,0,1,3
Steve Henson,0,4,3
Rick Calloway,0,1,0
Tate George,0,4,0
Jayson Williams,0,9,0
Dwayne Schintzius,0,8,0
Elden Campbell,0,14,1
Larry Robinson,0,6,1
Andy Toolson,0,2,0
Alaa Abdelnaby,0,3,2
Scott Williams,0,11,4
Dave Jamerson,0,2,0
Keith Askins,0,9,0
Tony Massenburg,0,13,0
Jim Grandholm,0,0,1
Richard Coffey,0,1,0
Kurk Lee,0,1,0
Lance Blanks,0,3,0
Steve Scheffler,0,0,7
Stojko Vrankovic,0,4,1
Trevor Wilson,0,3,1
Alan Ogg,0,2,1
Howard Wright,0,1,1
Irving Thomas,0,1,0
Walter Palmer,0,2,0
Matt Bullard,0,11,0
Les Jepsen,0,2,0
Dan O'Sullivan,0,3,1
Milos Babic,0,2,0
Chris Munk,0,1,0
Dan Godfread,0,1,0
A.J. Wynder,0,1,0
Tony Harris,0,3,0
Tony Dawson,0,1,1
Cedric Ball,0,1,0
Dikembe Mutombo,0,7,11
Billy Owens,0,7,3
Stacey Augmon,0,13,2
Mark Macon,0,6,0
Larry Stewart,0,3,2
Paul Graham,0,3,0
Steven Smith,0,15,0
Doug Smith,0,5,0
Rick Fox,0,13,0
Terrell Brandon,0,11,0
Victor Alexander,0,1,4
Stanley Roberts,0,6,2
Mike Iuzzolino,0,2,0
Kenny Anderson,0,14,0
Greg Anthony,0,11,0
Bison Dele,0,1,7
David Benoit,0,7,0
Donald Hodge,0,5,0
Dale Davis,0,5,11
Tracy Moore,0,4,1
Robert Pack,0,13,0
Chris Gatling,0,5,6
Luc Longley,0,10,0
Chris Corchiani,0,2,1
Pete Chilcutt,0,9,0
Labradford Smith,0,3,0
Greg Sutton,0,3,0
Kevin Lynch,0,1,1
Eric Murdock,0,9,0
Randy Brown,0,11,0
Carl Herrera,0,5,3
Mark Randall,0,3,1
Sean Green,0,2,1
Brian Howard,0,1,1
Rodney Monroe,0,1,0
Elliot Perry,0,8,2
Doug Lee,0,3,0
Marty Conlon,0,6,3
John Turner,0,1,0
Corey Crowder,0,2,0
Kevin Brooks,0,3,0
Tharon Mayes,0,1,0
Jimmy Oliver,0,4,1
Rich King,0,3,0
Ike Austin,0,8,1
Charles Thomas,0,1,0
Tom Copa,0,0,1
LeRon Ellis,0,3,0
Bobby Phills,0,9,0
Stephen Thompson,0,1,0
Keith Owens,0,1,0
Carl Thomas,0,3,0
Demetrius Calip,0,1,0
Lamont Strothers,0,2,0
Myron Brown,0,0,1
Patrick Eddie,0,1,0
Derek Strong,0,9,0
Joao Vianna,0,0,1
Cedric Hunter,0,0,0
Stephen Bardo,0,2,0
Shaquille O'Neal,0,0,19
Alonzo Mourning,0,2,13
Christian Laettner,0,11,2
Clar. Weatherspoon,0,10,3
LaPhonso Ellis,0,9,2
Tom Gugliotta,0,12,1
Latrell Sprewell,0,13,0
Walt Williams,0,11,0
Todd Day,0,8,0
Sean Rooks,0,11,1
Anthony Avent,0,6,0
Anthony Peeler,0,13,0
Robert Horry,0,16,0
Richard Dumas,0,1,2
Harold Miner,0,4,0
Lloyd Daniels,0,5,0
Walter Bond,0,3,0
Adam Keefe,0,4,5
Jim Jackson,0,14,0
Lee Mayberry,0,7,0
Byron Houston,0,3,1
Don MacLean,0,7,2
Dexter Cambridge,0,1,0
Doug Overton,0,11,0
Bryant Stith,0,10,0
Chris Smith,0,3,0
Malik Sealy,0,8,0
Oliver Miller,0,3,6
Tony Bennett,0,3,0
Tracy Murray,0,12,0
Hubert Davis,0,12,0
Brent Price,0,9,0
Litterial Green,0,4,0
Marlon Maxey,0,0,2
Matt Geiger,0,5,5
Jon Barry,0,14,0
Andre Spencer,0,2,0
Dave Johnson,0,2,0
Duane Cooper,0,2,0
Doug Christie,0,15,0
Sam Mack,0,7,0
Melvin Newbern,0,1,0
Elmore Spencer,0,2,2
Stephen Howard,0,2,2
John Crotty,0,9,2
Corey Williams,0,2,0
Keith Jennings,0,2,1
Randy Woods,0,4,0
Radisav Curcic,0,1,0
Isaiah Morris,0,1,0
Robert Werdann,0,1,1
Jay Guidinger,0,1,1
Gundars Vetra,0,1,0
Thomas Jordan,0,1,0
Marcus Webb,0,0,1
Lorenzo Williams,0,4,3
Alex Blackwell,0,1,0
Joe Courtney,0,4,0
Reggie Smith,0,2,0
Eric Anderson,0,2,0
Pat Durham,0,2,0
Anthony Pullard,0,1,0
Matt Othick,0,0,1
Jojo English,0,3,0
Ricky Blanton,0,1,0
Barry Stevens,0,0,1
Jamal Mashburn,0,11,0
Chris Webber,0,12,3
Anfernee Hardaway,0,12,2
Isaiah Rider,0,9,0
Dino Radja,0,2,2
Vin Baker,0,10,3
Nick Van Exel,0,13,0
Lindsey Hunter,0,17,0
Toni Kukoc,0,12,1
Calbert Cheaney,0,12,1
Chris Mills,0,10,0
George Lynch,0,11,1
Allan Houston,0,12,0
Rodney Rogers,0,12,0
Antonio Davis,0,12,1
Mitchell Butler,0,8,0
Shawn Bradley,0,11,1
Popeye Jones,0,10,0
P.J. Brown,0,14,1
Sam Cassell,0,15,0
Harold Ellis,0,1,2
Lucious Harris,0,12,0
Acie Earl,0,4,0
Terry Dehere,0,6,0
Greg Graham,0,4,1
Bryon Russell,0,12,0
Gheorghe Muresan,0,1,4
James Robinson,0,7,0
Bo Outlaw,0,1,14
Warren Kidd,0,0,1
Scott Burrell,0,8,0
Corie Blount,0,9,2
David Wesley,0,14,0
Rex Walters,0,6,1
Josh Grant,0,1,0
Bobby Hurley,0,5,0
Brian Davis,0,1,0
Reggie Jordan,0,4,2
Ervin Johnson,0,5,8
Bob Martin,0,2,0
Darren Morningstar,0,1,0
Eric Riley,0,4,1
Darnell Mee,0,2,0
Chris Whitney,0,11,0
Antonio Harvey,0,7,1
Evers Burns,0,1,0
Chris King,0,3,0
Scott Haskin,0,1,0
Richard Petruska,0,1,0
Doug Edwards,0,3,0
Stanley Jackson,0,0,1
Gerald Madkins,0,3,0
Malcolm Mackey,0,1,0
Chris Jent,0,1,1
Andrew Gaze,0,2,0
Gary Alexander,0,0,1
Luther Wright,0,1,0
Matt Wenstrom,0,0,1
Alphonso Ford,0,1,1
Adonis Jordan,0,1,1
Andres Guibert,0,2,0
Kevin Thompson,0,1,0
Michael Curry,0,11,0
Keith Tower,0,3,0
Bill Edwards,0,1,0
Aaron Williams,0,7,7
Dell Demps,0,1,1
Ricky Grace,0,0,1
Skeeter Henry,0,1,0
Geert Hammink,0,2,1
Glenn Robinson,0,11,0
Grant Hill,0,14,4
Lamond Murray,0,11,0
Juwan Howard,0,16,3
Brian Grant,0,8,4
Jason Kidd,0,19,0
Donyell Marshall,0,13,2
Sharone Wright,0,3,1
Eddie Jones,0,14,0
Wesley Person,0,11,0
Eric Montross,0,5,3
Jalen Rose,0,13,0
Khalid Reeves,0,6,0
Eric Piatkowski,0,14,0
Clifford Rozier,0,2,2
Greg Minor,0,3,2
Chris Childs,0,9,0
Derrick Alston,0,1,1
Aaron McKie,0,12,1
Ryan Lorthridge,0,1,0
Tony Dumas,0,3,1
Darrick Martin,0,12,0
Anthony Tucker,0,1,0
Trevor Ruffin,0,2,0
Dickey Simpkins,0,5,1
B.J. Tyler,0,1,0
Jamie Watson,0,2,2
Anthony Miller,0,2,5
Eric Mobley,0,1,2
Dwayne Morton,0,1,0
Darrin Hancock,0,1,2
Bill Curley,0,4,1
Monty Williams,0,6,2
Tim Breaux,0,3,0
Matt Fish,0,2,1
Howard Eisley,0,12,0
Reggie Slater,0,4,4
Brooks Thompson,0,4,0
Jim McIlvaine,0,7,0
Zan Tabak,0,4,2
Dontonio Wingfield,0,3,0
Jerome Harmon,0,1,0
Askia Jones,0,1,0
Ivano Newbill,0,3,0
Julius Nwosu,0,1,0
Sergei Bazarevich,0,0,1
Aaron Swinson,0,0,1
James Blackwell,0,0,1
Charlie Ward,0,11,0
Elmer Bennett,0,2,1
Antonio Lang,0,3,3
Darrell Armstrong,0,13,1
Eldridge Recasner,0,8,0
Fred Vinson,0,2,0
Mark Strickland,0,6,2
Derrick Phelps,0,0,0
Tom Hovasse,0,0,0
Yinka Dare,0,3,0
Jerry Stackhouse,0,18,0
Damon Stoudamire,0,13,0
Joe Smith,0,14,2
Michael Finley,0,15,0
Arvydas Sabonis,0,5,2
Bryant Reeves,0,5,1
Antonio McDyess,0,8,7
Tyus Edney,0,4,0
Kevin Garnett,0,13,8
Brent Barry,0,12,2
Eric Williams,0,12,0
Kurt Thomas,0,12,6
Rasheed Wallace,0,11,5
Gary Trent,0,5,4
Alan Henderson,0,8,4
Bob Sura,0,10,0
Ed O'Bannon,0,1,0
Loren Meyer,0,3,0
Theo Ratliff,0,9,7
Ashraf Amaya,0,2,0
Shawn Respert,0,4,0
Corliss Williamson,0,7,5
Lawrence Moten,0,3,0
George Zidek,0,3,0
Jimmy King,0,2,0
Don Reid,0,2,5
Sasha Danilovic,0,2,0
Cherokee Parks,0,7,2
Chris Carr,0,6,0
Anthony Goldwire,0,8,0
Travis Best,0,10,0
Greg Ostertag,0,9,2
Junior Burrough,0,1,0
Jason Caffey,0,6,2
Voshon Lenard,0,11,0
Cory Alexander,0,7,0
Marques Bragg,0,1,0
Vincenzo Esposito,0,1,0
Eric Snow,0,13,0
Jerome Allen,0,2,0
Richard Manning,0,2,0
Terrence Rencher,0,1,0
Lou Roe,0,2,0
Sherell Ford,0,1,0
Mario Bennett,0,2,1
Randolph Childress,0,2,0
Donny Marshall,0,4,0
John Amaechi,0,5,0
Martin Lewis,0,2,0
David Vaughn,0,3,1
Andrew DeClercq,0,5,5
Melvin Booker,0,2,0
Dwayne Whitfield,0,1,0
Todd Mundt,0,1,0
Fred Hoiberg,0,10,0
Clint McDaniel,0,1,0
Thomas Hamilton,0,2,0
Donnie Boyce,0,2,0
Jeff Webster,0,1,0
Howard Nathan,0,0,1
Darryl Johnson,0,1,0
Rastko Cvetkovic,0,1,0
Cuonzo Martin,0,0,1
Log Vander Velden,0,1,0
Alvin Heggs,0,0,1
John Coker,0,2,1
Stefano Rusconi,0,1,0
Frankie King,0,2,0
Robert Churchwell,0,1,0
Corey Beck,0,3,0
Cedric Lewis,0,0,1
Charles Claxton,0,0,1
Larry Sykes,0,0,0
Allen Iverson,0,14,0
Shareef Abdur-Rahim,0,10,2
Antoine Walker,0,12,0
Kerry Kittles,0,8,0
Ray Allen,0,18,0
Stephon Marbury,0,13,0
Marcus Camby,0,14,3
Matt Maloney,0,6,0
Lorenzen Wright,0,13,0
Dean Garrett,0,4,2
Kobe Bryant,0,20,0
Vitaly Potapenko,0,8,2
Shandon Anderson,0,9,1
Erick Dampier,0,9,7
Travis Knight,0,5,2
Tony Delk,0,10,0
John Wallace,0,6,1
Derek Fisher,0,18,0
Todd Fuller,0,5,0
Erick Strickland,0,9,0
Othella Harrington,0,6,6
Randy Livingston,0,6,2
Samaki Walker,0,8,1
Steve Nash,0,11,7
Chris Robinson,0,2,0
Jermaine O'Neal,0,16,2
Ray Owes,0,1,0
Malik Rose,0,13,0
Martin Muursepp,0,2,0
Brett Szabo,0,1,0
Jamie Feick,0,4,1
Priest Lauderdale,0,1,1
Mark Hendrickson,0,3,1
Darvin Ham,0,4,4
Marcus Brown,0,2,0
Michael Hawkins,0,4,0
Steve Hamer,0,0,1
Shane Heal,0,2,0
Emanual Davis,0,6,0
Jeff McInnis,0,11,0
Walter McCarty,0,10,0
Donald Whiteside,0,1,1
Mark Bradtke,0,1,0
Jerome Williams,0,5,4
Ruben Nembhard,0,1,0
Ben Wallace,0,10,6
Kevin Salvadori,0,2,0
Nate Driggers,0,1,0
Horacio Llamas,0,1,1
Ben Davis,0,4,0
Amal McCaskill,0,4,0
Aleksandar Djordjevic,0,0,1
Brian Evans,0,3,0
Shawnelle Scott,0,3,1
Brent Scott,0,1,0
Dexter Boney,0,1,0
Jason Sasser,0,2,0
Evric Gray,0,1,0
Moochie Norris,0,9,0
Jimmy Carruth,0,0,1
Joe Stephens,0,3,0
Matt Steigenga,0,1,0
Bruce Bowen,0,12,0
Tim Duncan,0,9,10
Ron Mercer,0,8,0
Keith Van Horn,0,9,0
Zydrunas Ilgauskas,0,9,4
Chauncey Billups,0,17,0
Tim Thomas,0,13,0
Danny Fortson,0,4,6
Maurice Taylor,0,9,0
Bobby Jackson,0,12,0
Derek Anderson,0,11,0
Brevin Knight,0,12,0
Antonio Daniels,0,13,0
Anthony Johnson,0,13,0
Tony Battie,0,9,5
Eric Washington,0,2,0
Lawrence Funderburke,0,4,3
Tracy McGrady,0,15,0
Tariq Abdul-Wahad,0,6,0
Michael Stewart,0,7,1
Rodrick Rhodes,0,2,0
Alvin Williams,0,7,0
Kelvin Cato,0,5,5
Jerald Honeycutt,0,2,0
Chris Anstey,0,3,0
Keith Closs,0,2,1
Ed Gray,0,2,0
Adonal Foyle,0,6,6
Rick Brunson,0,9,0
John Thomas,0,4,1
Chris Crawford,0,6,1
Jacque Vaughn,0,12,0
Travis Williams,0,2,0
Bubba Wells,0,1,0
Kevin Ollie,0,13,0
Scot Pollard,0,6,5
Austin Croshere,0,12,0
Kiwane Garris,0,2,0
Tony Farmer,0,2,0
God Shammgod,0,1,0
James Collins,0,1,0
DeJuan Wheat,0,2,0
Drew Barry,0,3,0
Chris Garner,0,2,0
Rusty LaRue,0,5,0
Dontae' Jones,0,1,0
Kebu Stewart,0,1,0
Mark Pope,0,5,1
Johnny Taylor,0,3,0
Brandon Williams,0,3,0
Jason Lawson,0,0,1
James Cotton,0,2,0
Jeff Nordgaard,0,1,0
Derek Grimm,0,1,0
Troy Hudson,0,11,0
Keith Booth,0,2,0
William Cunningham,0,2,0
Reggie Hanson,0,0,1
Shea Seals,0,1,0
Ed Stokes,0,1,0
Etdrick Bohannon,0,0,2
Michael McDonald,0,0,0
Vince Carter,0,22,0
Paul Pierce,0,19,0
Mike Bibby,0,14,0
Jason Williams,0,12,0
Michael Dickerson,0,5,0
Tyrone Nesby,0,4,0
Cuttino Mobley,0,11,0
Larry Hughes,0,13,0
Antawn Jamison,0,15,1
Felipe Lopez,0,4,0
Matt Harpring,0,9,2
Peja Stojakovic,0,13,0
Michael Olowokandi,0,9,0
Dirk Nowitzki,0,19,2
Kornel David,0,3,0
Michael Doleac,0,10,0
Robert Traylor,0,5,2
Brad Miller,0,11,3
Pat Garrity,0,9,1
Ricky Davis,0,11,1
Cory Carr,0,1,0
Raef LaFrentz,0,9,1
Roshown McLeod,0,3,0
Vladimir Stepania,0,6,0
Damon Jones,0,11,0
Bryce Drew,0,6,0
Corey Benjamin,0,4,0
Andrae Patterson,0,1,1
Charles R. Jones,0,2,0
J.R. Henderson,0,1,0
Keon Clark,0,4,2
Brian Skinner,0,7,5
Gerald Brown,0,1,0
Toby Bailey,0,2,0
Tyronn Lue,0,11,0
Earl Boykins,0,13,0
Ruben Patterson,0,4,6
Marlon Garnett,0,1,0
Jahidi White,0,3,4
Rashard Lewis,0,16,0
Ryan Stack,0,2,0
Al Harrington,0,16,0
Nazr Mohammed,0,11,7
Jeff Sheppard,0,1,0
Bonzi Wells,0,8,2
Gerard King,0,1,2
Marko Milic,0,1,0
Korleone Young,0,0,1
Alvin Sims,0,1,0
Sean Marks,0,7,4
Negele Knight,0,1,0
Rasho Nesterovic,0,6,6
Sam Jacobson,0,0,3
Bruno Sundov,0,7,0
Kelly McCarty,0,0,1
Paul Grant,0,2,0
Shammond Williams,0,6,0
Casey Shaw,0,1,0
Miles Simon,0,1,0
Peter Aluma,0,0,1
Jonathan Kerner,0,0,0
Mark Baker,0,0,0
Trevor Winter,0,0,0
Elton Brand,0,10,7
Steve Francis,0,9,0
Lamar Odom,0,12,2
Andre Miller,0,15,2
Metta World Peace,0,17,0
Wally Szczerbiak,0,6,4
Chucky Atkins,0,11,0
Vonteego Cummings,0,3,0
James Posey,0,12,0
Jason Terry,0,18,1
Corey Maggette,0,13,1
Richard Hamilton,0,14,0
Kenny Thomas,0,10,1
Shawn Marion,0,10,6
Anthony Carter,0,13,0
Baron Davis,0,13,0
Adrian Griffin,0,9,0
Eddie Robinson,0,3,2
Quincy Lewis,0,4,0
Greg Buckner,0,8,2
Todd MacCulloch,0,0,4
Dion Glover,0,6,0
Dedric Willoughby,0,1,0
Michael Ruffin,0,8,1
Devean George,0,11,0
William Avery,0,3,0
Rodney Buford,0,5,0
Chris Herren,0,2,0
Obinna Ekezie,0,4,0
Cal Bowdler,0,3,0
Scott Padgett,0,8,0
Milt Palacio,0,7,0
Evan Eschmeyer,0,3,1
Roy Rogers,0,1,0
Rick Hughes,0,1,0
Jonathan Bender,0,7,1
Lazaro Borrell,0,1,0
Rafer Alston,0,11,0
Jumaine Jones,0,8,0
Tim Young,0,1,0
Devin Gray,0,1,0
Laron Profit,0,4,0
Trajan Langdon,0,3,0
Jeff Foster,0,6,7
Calvin Booth,0,9,1
Derrick Dial,0,4,0
John Celestand,0,1,0
Lari Ketner,0,1,0
Mirsad Turkcan,0,1,0
Harold Jamison,0,1,1
Jamel Thomas,0,2,0
Tim James,0,3,0
A.J. Bramlett,0,1,0
Aleksandar Radojevic,0,2,0
Jermaine Jackson,0,4,1
DeMarco Johnson,0,1,0
Ryan Robertson,0,1,0
Wayne Turner,0,1,0
Derek Hood,0,0,0
Jason Miskiri,0,0,0
Randell Jackson,0,0,0
Mike Miller,0,14,3
Kenyon Martin,0,10,5
Darius Miles,0,6,1
Morris Peterson,0,11,0
Marcus Fizer,0,5,1
Stephen Jackson,0,14,0
Marc Jackson,0,7,0
Courtney Alexander,0,3,0
Quentin Richardson,0,13,0
Desmond Mason,0,10,0
Keyon Dooling,0,13,0
Chris Mihm,0,6,2
Chris Porter,0,1,0
Mateen Cleaves,0,6,0
DerMarr Johnson,0,6,1
Hedo Turkoglu,0,15,0
Stromile Swift,0,8,1
Jamaal Magloire,0,8,4
Hanno Mottola,0,2,0
Khalid El-Amin,0,1,0
Jamal Crawford,0,19,1
Mike Penberthy,0,1,1
Paul McPherson,0,0,1
Jake Tsakalidis,0,4,3
Eddie House,0,11,0
Mark Blount,0,4,5
A.J. Guyton,0,2,0
Daniel Santiago,0,3,1
Lee Nailon,0,5,1
Mark Madsen,0,7,2
Eduardo Najera,0,8,4
David Vanterpool,0,1,0
Dragan Tarlac,0,1,0
Dan Langhi,0,4,0
DeShawn Stevenson,0,13,0
Ruben Wolkowyski,0,1,1
Jason Collier,0,5,0
Lavor Postell,0,3,0
Ira Newble,0,8,0
Mike Smith,0,1,0
Dalibor Bagaric,0,3,0
Soumaila Samake,0,2,0
Olumide Oyedeji,0,2,1
Eddie Gill,0,6,1
Jerome Moiso,0,3,2
Slava Medvedenko,0,6,1
Brian Cardinal,0,12,0
Jake Voskuhl,0,6,3
Joel Przybilla,0,6,7
Jabari Smith,0,3,1
Wang Zhi-zhi,0,5,0
Pepe Sanchez,0,1,0
Erick Barkley,0,2,0
Steve Goodrich,0,2,0
Dan McClintock,0,0,1
Ruben Garces,0,1,0
Sean Colson,0,1,0
Michael Redd,0,12,0
Zendon Hamilton,0,4,2
Jamal Robinson,0,1,0
Raja Bell,0,12,0
Mamadou N'diaye,0,4,1
Garth Joseph,0,1,0
Andy Panko,0,0,0
Art Long,0,2,0
Terrance Roberson,0,0,0
Pau Gasol,0,7,11
Jason Richardson,0,13,0
Shane Battier,0,13,0
Andrei Kirilenko,0,8,4
Jamaal Tinsley,0,11,0
Richard Jefferson,0,16,1
Tony Parker,0,13,5
Trenton Hassell,0,9,0
Eddie Griffin,0,5,0
Zeljko Rebraca,0,1,4
Gilbert Arenas,0,11,0
Speedy Claxton,0,7,0
Troy Murphy,0,12,0
Jarron Collins,0,10,0
Predrag Drobnjak,0,4,0
Tyson Chandler,0,3,16
Vladimir Radmanovic,0,12,0
Oscar Torres,0,2,0
Jason Collins,0,13,0
Will Solomon,0,2,0
Brendan Haywood,0,4,9
Kwame Brown,0,5,7
Terence Morris,0,3,0
Earl Watson,0,13,0
Etan Thomas,0,5,4
Kenny Satterfield,0,2,0
Steven Hunter,0,2,6
Gerald Wallace,0,11,3
Alton Ford,0,1,2
Mengke Bateer,0,2,1
Tierre Brown,0,3,1
Zach Randolph,0,15,2
Bobby Simmons,0,9,0
Carlos Arroyo,0,9,0
Loren Woods,0,5,1
Antonis Fotsis,0,1,0
Joe Crispin,0,1,0
Tremaine Fowlkes,0,3,1
Chris Andersen,0,5,10
Brandon Armstrong,0,3,0
Kedrick Brown,0,4,0
Brian Scalabrine,0,10,1
Ansu Sesay,0,3,1
Rodney White,0,4,0
Malik Allen,0,10,0
Samuel Dalembert,0,4,9
Primoz Brezec,0,6,2
Dean Oliver,0,2,0
Mike James,0,14,0
Ruben Boumtje-Boumtje,0,2,0
Leon Smith,0,1,1
Michael Bradley,0,3,2
Norman Richardson,0,1,0
Alvin Jones,0,1,0
Kirk Haston,0,2,0
DeSagana Diop,0,10,2
Damone Brown,0,4,0
Maurice Evans,0,9,0
Tang Hamilton,0,0,1
Jeff Trepagnier,0,3,0
Ike Fontaine,0,1,0
Jeryl Sasser,0,2,0
Charlie Bell,0,7,0
Joseph Forte,0,2,0
Ratko Varda,0,0,1
Jamison Brewer,0,3,1
Ernest Brown,0,1,0
Caron Butler,0,14,0
Amar'e Stoudemire,0,4,10
Yao Ming,0,2,6
Gordan Giricek,0,6,0
Drew Gooden,0,12,2
Nene,0,2,14
Carlos Boozer,0,4,9
Jay Williams,0,1,0
Rasual Butler,0,13,0
J.R. Bremer,0,2,0
Manu Ginobili,0,15,1
Mehmet Okur,0,10,0
Marko Jaric,0,7,0
Mike Batiste,0,1,0
Junior Harrington,0,3,0
Smush Parker,0,5,0
Vincent Yarbrough,0,1,0
Casey Jacobsen,0,4,0
Nikoloz Tskitishvili,0,4,0
Juan Dixon,0,7,0
Pat Burke,0,3,0
Lonny Baxter,0,4,0
Melvin Ely,0,6,3
Kareem Rush,0,7,0
Reggie Evans,0,12,1
Chris Jefferies,0,2,0
Dan Dickau,0,6,0
Chris Wilcox,0,1,10
Dan Gadzuric,0,6,3
Sean Lampley,0,1,1
Marcus Haislip,0,4,0
Mike Wilks,0,6,1
Tayshaun Prince,0,14,0
Juaquin Hawkins,0,1,0
John Salmons,0,13,0
Qyntel Woods,0,2,2
Ryan Humphrey,0,3,0
Tamar Slay,0,3,0
Jannero Pargo,0,11,0
Predrag Savovic,0,1,0
Jared Jeffries,0,11,0
Igor Rakocevic,0,1,0
Jiri Welsch,0,4,0
Efthimios Rentzias,0,1,0
Maceo Baston,0,0,4
Adam Harrington,0,1,0
Devin Brown,0,8,0
Roger Mason Jr.,0,10,0
Bostjan Nachbar,0,6,0
Frank Williams,0,3,0
Flip Murray,0,8,0
Fred Jones,0,7,0
Nate Huffman,0,1,0
Robert Archibald,0,2,0
Antoine Rigaudeau,0,1,0
Cezary Trybanski,0,1,0
Tito Maddox,0,1,0
Chris Owens,0,0,1
Guy Rucker,0,0,0
Jamal Sampson,0,2,2
Paul Shirley,0,2,0
Carmelo Anthony,0,19,0
LeBron James,0,8,12
Dwyane Wade,0,13,3
Kirk Hinrich,0,13,0
Chris Bosh,0,9,4
Jarvis Hayes,0,7,0
Josh Howard,0,10,0
Raul Lopez,0,2,0
Leandro Barbosa,0,14,0
Chris Kaman,0,8,5
Keith Bogans,0,10,1
Marcus Banks,0,6,1
Marquis Daniels,0,10,0
Steve Blake,0,13,0
T.J. Ford,0,8,0
Luke Ridnour,0,12,0
Sasha Pavlovic,0,10,0
Willie Green,0,12,0
Boris Diaw,0,8,6
Darius Songaila,0,5,3
Kyle Korver,0,17,0
Ronald Dupree,0,5,1
Mo Williams,0,13,0
Mickael Pietrus,0,10,0
David West,0,9,6
Francisco Elson,0,7,2
Zarko Cabarkapa,0,3,0
Zaza Pachulia,0,14,2
Richie Frahm,0,4,0
Michael Sweetney,0,3,1
Luke Walton,0,10,0
Linton Johnson,0,5,0
Matt Barnes,0,13,1
Brian Cook,0,8,1
Zoran Planinic,0,3,0
Jason Kapono,0,9,0
Brandon Hunter,0,1,1
Travis Hansen,0,1,0
Maciej Lampe,0,3,0
Keith McLeod,0,4,0
Reece Gaines,0,2,1
Ben Handlogten,0,0,2
Curtis Borchardt,0,2,0
Darko Milicic,0,7,2
Theron Smith,0,2,0
Britton Johnsen,0,2,0
Maurice Carter,0,1,0
Torraye Braggs,0,2,0
Dahntay Jones,0,13,0
Desmond Penigar,0,0,1
Kendrick Perkins,0,6,8
Matt Carroll,0,9,0
Omar Cook,0,2,0
Desmond Ferguson,0,1,0
Ndudi Ebi,0,1,1
Troy Bell,0,1,0
Hiram Fuller,0,1,0
Ime Udoka,0,7,0
Travis Outlaw,0,11,0
James Jones,0,14,0
Josh Davis,0,4,0
Alex Garcia,0,2,0
Kirk Penney,0,2,0
Jerome Beasley,0,1,0
Slavko Vranes,0,0,0
Ben Gordon,0,11,0
Emeka Okafor,0,3,7
Dwight Howard,0,0,18
Josh Childress,0,3,4
JR Smith,0,16,0
Nenad Krstic,0,3,4
Andre Iguodala,0,16,3
Josh Smith,0,12,1
Luol Deng,0,12,3
Jameer Nelson,0,13,1
Andres Nocioni,0,8,0
Matt Bonner,0,10,2
Tony Allen,0,11,3
Chris Duhon,0,9,0
Al Jefferson,0,9,5
Beno Udrih,0,12,1
Trevor Ariza,0,16,2
Nick Collison,0,2,12
Sebastian Telfair,0,10,0
Devin Harris,0,15,0
Quinton Ross,0,7,0
Kirk Snyder,0,3,1
Kris Humphries,0,11,2
Anderson Varejao,0,7,7
David Harrison,0,0,4
Shaun Livingston,0,7,7
Royal Ivey,0,9,0
Jackson Vroman,0,2,0
Rafael Araujo,0,3,0
Damien Wilkins,0,9,1
Delonte West,0,8,0
Viktor Khryapa,0,4,0
Kevin Martin,0,12,0
Donta Smith,0,1,1
Andre Barrett,0,3,1
Mario Kasun,0,2,0
Carlos Delfino,0,8,0
Lionel Chalmers,0,1,0
Sasha Vujacic,0,10,0
Bernard Robinson,0,3,0
Matt Freije,0,2,0
Billy Thomas,0,3,0
Antonio Burks,0,2,0
Pape Sow,0,3,0
Horace Jenkins,0,1,0
Justin Reed,0,2,1
Luis Flores,0,1,0
John Edwards,0,2,0
Luke Jackson,0,4,0
Corsley Edwards,0,1,0
Ha Ha,0,1,1
James Thomas,0,0,2
Mark Jones,0,1,0
Jared Reiner,0,2,0
DJ Mbenga,0,6,1
Robert Swift,0,2,2
Erik Daniels,0,1,0
Peter John Ramos,0,0,1
Awvee Storey,0,3,0
Geno Carlisle,0,0,1
Andre Emmett,0,1,1
Dorell Wright,0,11,0
Yuta Tabuse,0,1,0
Tony Bobbitt,0,1,0
Pavel Podkolzin,0,0,0
Brandin Knight,0,0,0
Ibrahim Kutluay,0,0,0
Maurice Baker,0,0,0
Chris Paul,0,17,1
Charlie Villanueva,0,11,0
Raymond Felton,0,14,0
Deron Williams,0,11,1
Channing Frye,0,13,0
Andrew Bogut,0,4,10
Luther Head,0,6,0
Marvin Williams,0,15,0
Nate Robinson,0,10,0
Rashad McCants,0,4,0
Salim Stoudamire,0,3,0
Danny Granger,0,10,0
Sarunas Jasikevicius,0,2,0
Joey Graham,0,5,1
Jarrett Jack,0,12,1
Ike Diogu,0,2,3
Ryan Gomes,0,8,0
Martell Webster,0,9,0
Francisco Garcia,0,10,0
Johan Petro,0,5,3
Jose Calderon,0,11,3
David Lee,0,0,12
Monta Ellis,0,11,1
Hakim Warrick,0,5,3
Orien Greene,0,3,1
Daniel Ewing,0,2,0
Linas Kleiza,0,7,0
Alan Anderson,0,8,0
James Singleton,0,2,3
Sean May,0,3,1
Gerald Green,0,12,0
Chuck Hayes,0,6,5
Wayne Simien,0,2,0
Donell Taylor,0,2,0
Shavlik Randolph,0,5,3
Josh Powell,0,7,0
Fabricio Oberto,0,1,5
Esteban Batista,0,1,1
Travis Diener,0,5,0
Gerald Fitch,0,1,0
CJ Miles,0,15,0
Sergei Monia,0,1,0
Andrew Bynum,0,2,6
Rawle Marshall,0,2,0
Antoine Wright,0,6,0
Kevin Burleson,0,1,0
Andre Owens,0,2,0
Brandon Bass,0,7,5
Andray Blatche,0,8,1
Bracey Wright,0,2,0
Jason Maxiell,0,6,4
Ronnie Price,0,12,0
Stephen Graham,0,5,1
Lou Williams,0,17,0
Will Bynum,0,8,0
Anthony Grundy,0,0,1
Lawrence Roberts,0,2,0
Boniface Ndong,0,1,0
Robert Whaley,0,1,0
Chris Taft,0,0,1
Ronny Turiaf,0,1,8
Arvydas Macijauskas,0,1,0
Melvin Sanders,0,1,0
Eddie Basden,0,1,0
Luke Schenscher,0,1,1
Anthony Roberson,0,3,0
John Lucas III,0,8,0
Dijon Thompson,0,2,0
Yaroslav Korolev,0,2,0
Devin Green,0,1,0
Amir Johnson,0,0,14
Von Wafer,0,5,0
Noel Felix,0,1,0
Aaron Miles,0,1,0
Dwayne Jones,0,1,2
Earl Barron,0,7,1
Julius Hodge,0,1,1
Alex Acker,0,2,0
Derrick Zimmerman,0,0,1
Sharrod Ford,0,0,1
Deng Gai,0,0,0
Martynas Andriuskevicius,0,0,0
Brandon Roy,0,6,0
Adam Morrison,0,3,0
Rudy Gay,0,16,1
Randy Foye,0,11,0
Andrea Bargnani,0,10,0
Craig Smith,0,0,6
Jorge Garbajosa,0,2,0
LaMarcus Aldridge,0,9,7
Paul Millsap,0,11,5
Rajon Rondo,0,14,2
Shelden Williams,0,5,1
Rodney Carney,0,5,0
Walter Herrmann,0,2,1
Ersan Ilyasova,0,13,0
Tarence Kinsey,0,3,0
Renaldo Balkman,0,3,3
Mickael Gelabale,0,2,1
Jordan Farmar,0,10,0
Kelenna Azubuike,0,4,1
Allan Ray,0,1,0
Yakhouba Diawara,0,4,0
Daniel Gibson,0,7,0
Leon Powe,0,3,2
Alexander Johnson,0,1,1
Ronnie Brewer,0,5,3
Thabo Sefolosha,0,13,1
Josh Boone,0,0,4
JJ Redick,0,15,0
Sergio Rodriguez,0,5,0
Mardy Collins,0,4,0
Solomon Jones,0,5,2
David Noel,0,1,0
Shawne Williams,0,7,0
Hilton Armstrong,0,4,2
Hassan Adams,0,1,1
Lynn Greer,0,1,0
Chris Quinn,0,6,0
Justin Williams,0,1,1
Cedric Simmons,0,3,0
Quincy Douby,0,3,0
Andre Brown,0,1,2
Vassilis Spanoulis,0,1,0
J.J. Barea,0,14,0
Shannon Brown,0,9,0
Maurice Ager,0,3,1
Ryan Hollins,0,1,9
Kyle Lowry,0,17,0
Mouhamed Sene,0,2,1
Damir Markota,0,1,0
Paul Davis,0,3,1
Robert Hite,0,1,0
Steve Novak,0,10,1
James White,0,2,1
Uros Slokar,0,0,1
Kevinn Pinkney,0,1,0
Patrick O'Bryant,0,1,3
P.J. Tucker,0,11,1
Pops Mensah-Bonsu,0,3,1
Cedric Bozeman,0,1,0
Will Blalock,0,1,0
Marcus Vinicius,0,2,0
Andreas Glyniadakis,0,1,0
Lou Amundson,0,6,4
Ivan McFarlin,0,1,0
Desmon Farmer,0,2,0
James Lang,0,1,0
Jeremy Richardson,0,2,1
Renaldo Major,0,1,0
Randolph Morris,0,3,1
James Augustine,0,1,1
Mike Hall,0,1,0
Roger Powell,0,0,0
Chris McCray,0,0,0
Mile Ilic,0,0,0
Will Conroy,0,1,0
Kevin Durant,0,5,10
Al Thornton,0,4,0
Juan Carlos Navarro,0,1,0
Luis Scola,0,6,4
Jeff Green,0,14,1
Al Horford,0,7,9
Jamario Moon,0,5,0
Thaddeus Young,0,6,10
Yi Jianlian,0,5,0
Nick Young,0,12,0
Daequan Cook,0,6,0
Mike Conley,0,16,0
Joakim Noah,0,6,7
Corey Brewer,0,12,1
Rodney Stuckey,0,10,0
Jared Dudley,0,14,0
Sean Williams,0,2,2
Carl Landry,0,0,9
Jason Smith,0,9,2
Spencer Hawes,0,10,0
Glen Davis,0,8,0
Javaris Crittenton,0,2,0
Arron Afflalo,0,11,0
Aaron Brooks,0,10,0
Aaron Gray,0,2,5
Wilson Chandler,0,12,0
Acie Law,0,4,0
Julian Wright,0,1,3
Brandan Wright,0,0,10
Ramon Sessions,0,11,0
Oleksiy Pecherov,0,3,0
Jermareo Davidson,0,2,0
C.J. Watson,0,10,0
Nick Fazekas,0,0,1
Chris Richard,0,1,1
Marco Belinelli,0,13,0
Dominic McGuire,0,6,0
Joel Anthony,0,4,6
Kasib Powell,0,1,0
Stephane Lasme,0,1,0
DJ Strawberry,0,1,0
Blake Ahearn,0,3,0
Mike Harris,0,2,2
Mario West,0,3,1
Darius Washington,0,1,0
Gabe Pruitt,0,2,0
Coby Karl,0,2,0
Taurean Green,0,1,0
Alando Tucker,0,3,0
Ian Mahinmi,0,4,8
Thomas Gardner,0,2,0
Marcin Gortat,0,1,11
Demetris Nichols,0,2,0
Kyrylo Fesenko,0,3,2
Morris Almond,0,3,0
Darryl Watkins,0,1,1
Josh McRoberts,0,6,4
Kosta Perovic,0,1,0
Cheikh Samb,0,1,1
Guillermo Diaz,0,1,0
Lance Allred,0,1,0
Keith Langford,0,1,0
Courtney Sims,0,0,1
O.J. Mayo,0,8,0
Derrick Rose,0,14,0
Russell Westbrook,0,15,0
Eric Gordon,0,15,0
Michael Beasley,0,8,3
Brook Lopez,0,8,7
Marc Gasol,0,10,3
Jason Thompson,0,4,4
Kevin Love,0,15,0
D.J. Augustin,0,14,0
Mario Chalmers,0,9,0
Rudy Fernandez,0,4,0
Anthony Morrow,0,9,0
Courtney Lee,0,12,0
Brandon Rush,0,7,2
Marreese Speights,0,9,1
Luc Mbah a Moute,0,10,2
Greg Oden,0,0,3
Anthony Randolph,0,6,0
Roy Hibbert,0,8,1
JaVale McGee,0,2,13
Ryan Anderson,0,12,0
George Hill,0,14,1
Nicolas Batum,0,14,1
Darrell Arthur,0,9,0
Bobby Brown,0,4,0
Roko Ukic,0,2,0
Kyle Weaver,0,3,0
Mike Taylor,0,1,0
Joe Alexander,0,2,0
Goran Dragic,0,13,2
JJ Hickson,0,3,5
DeAndre Jordan,0,0,15
Jerryd Bayless,0,11,0
Kosta Koufos,0,4,7
Chris Douglas-Roberts,0,6,0
Donte Greene,0,4,0
Robin Lopez,0,3,12
Danilo Gallinari,0,13,0
Rob Kurz,0,1,0
Darnell Jackson,0,3,0
Sean Singletary,0,1,0
Henry Walker,0,3,2
Cartier Martin,0,7,0
Alexis Ajinca,0,3,4
DJ White,0,1,4
DeMarcus Nelson,0,1,0
Anthony Tolliver,0,13,0
Malik Hairston,0,1,1
Hamed Haddadi,0,3,2
Dontell Jefferson,0,0,1
Othello Hunter,0,1,1
Sonny Weems,0,3,1
Jawad Williams,0,3,0
Joe Crawford,0,1,0
Walter Sharpe,0,1,0
Sun Sun,0,1,0
J.R. Giddens,0,1,1
Trey Johnson,0,1,1
Joey Dorsey,0,1,3
Nathan Jawai,0,2,0
Tyreke Evans,0,10,0
Stephen Curry,0,13,1
Brandon Jennings,0,9,0
Jonny Flynn,0,3,0
Marcus Thornton,0,8,0
Darren Collison,0,11,0
Omri Casspi,0,8,2
Wesley Matthews,0,14,0
James Harden,0,14,0
Jonas Jerebko,0,9,0
Taj Gibson,0,5,9
DeMar DeRozan,0,11,3
Chase Budinger,0,7,0
Terrence Williams,0,4,0
DeJuan Blair,0,2,5
Sam Young,0,4,0
Jrue Holiday,0,12,2
Ty Lawson,0,6,2
Wayne Ellington,0,13,0
Toney Douglas,0,8,0
Serge Ibaka,0,5,9
AJ Price,0,6,0
Rodrigue Beaubois,0,3,1
Eric Maynor,0,5,0
David Andersen,0,2,0
Austin Daye,0,6,0
Jodie Meeks,0,9,1
Chris Hunter,0,0,1
James Johnson,0,12,2
Tyler Hansbrough,0,6,1
Jordan Hill,0,6,2
Dante Cunningham,0,9,1
Jeff Teague,0,12,0
DeMarre Carroll,0,11,0
Hasheem Thabeet,0,1,4
Derrick Brown,0,1,2
Jon Brockman,0,1,2
Earl Clark,0,6,0
Garrett Temple,0,13,0
DaJuan Summers,0,4,0
Jermaine Taylor,0,2,0
Sundiata Gaines,0,3,0
Jeff Ayres,0,2,4
Alonzo Gee,0,7,1
Lester Hudson,0,4,0
Marcus Landry,0,1,0
Danny Green,0,14,0
Othyus Jeffers,0,2,1
Patty Mills,0,14,0
Cedric Jackson,0,1,0
Byron Mullens,0,5,0
Taylor Griffin,0,1,0
Oliver Lafayette,0,0,1
Antonio Anderson,0,1,0
Blake Griffin,0,8,5
DeMarcus Cousins,0,11,0
John Wall,0,11,0
Landry Fields,0,5,0
Gary Neal,0,6,0
Greg Monroe,0,4,6
Wesley Johnson,0,9,0
Evan Turner,0,10,0
Eric Bledsoe,0,12,0
Derrick Favors,0,3,9
Ed Davis,0,2,10
Jordan Crawford,0,6,0
Paul George,0,13,0
Al-Farouq Aminu,0,11,0
Gordon Hayward,0,11,2
Nikola Pekovic,0,2,4
Trevor Booker,0,3,5
Patrick Patterson,0,9,2
Gary Forbes,0,2,0
Manny Harris,0,4,0
Christian Eyenga,0,2,0
Samardo Samuels,0,3,0
Tiago Splitter,0,1,6
Larry Sanders,0,4,2
Pooh Jeter,0,1,0
Greivis Vasquez,0,7,0
Ekpe Udoh,0,5,2
Omer Asik,0,2,6
Luke Harangody,0,2,0
Quincy Pondexter,0,6,1
Xavier Henry,0,5,0
Semih Erden,0,0,2
Timofey Mozgov,0,1,7
Lazar Hayward,0,3,0
Ben Uzoh,0,2,0
Kevin Seraphin,0,3,4
Zabian Dowdell,0,1,0
Armon Johnson,0,2,0
Damion James,0,3,0
Ish Smith,0,13,0
James Anderson,0,5,0
Derrick Caracter,0,1,0
Jeremy Lin,0,9,0
Devin Ebanks,0,3,0
Jeff Adrien,0,4,1
Avery Bradley,0,12,0
Mustafa Shakur,0,1,0
Garret Siler,0,0,1
Dominique Jones,0,3,0
Larry Owens,0,2,0
Lance Stephenson,0,10,0
Willie Warren,0,1,0
Luke Babbitt,0,8,0
Chris Johnson,0,6,1
Cole Aldrich,0,2,6
Sherron Collins,0,1,0
Hamady Ndiaye,0,1,1
Andy Rautins,0,1,0
Craig Brackins,0,2,0
Pape Sy,0,1,0
Solomon Alabi,0,2,0
Marcus Cousin,0,0,1
Dexter Pittman,0,3,0
Gani Lawal,0,0,0
Hassan Whiteside,0,1,8
Kyrie Irving,0,11,1
Brandon Knight,0,9,0
Klay Thompson,0,10,0
Kemba Walker,0,12,0
Isaiah Thomas,0,11,0
MarShon Brooks,0,4,1
Chandler Parsons,0,9,0
Derrick Williams,0,7,0
Iman Shumpert,0,10,0
Kawhi Leonard,0,7,4
Tristan Thompson,0,3,8
Kenneth Faried,0,0,8
Markieff Morris,0,12,0
Jimmer Fredette,0,6,0
Norris Cole,0,6,0
Ricky Rubio,0,12,0
Alec Burks,0,12,0
Ivan Johnson,0,0,2
Bismack Biyombo,0,2,10
Gustavo Ayon,0,0,3
Chris Singleton,0,3,0
Enes Freedom,0,2,9
Charles Jenkins,0,2,0
Nikola Vucevic,0,6,6
Jan Vesely,0,0,3
Shelvin Mack,0,8,0
Jon Leuer,0,6,2
Tobias Harris,0,10,2
Jeremy Tyler,0,2,1
Jordan Williams,0,0,1
Donald Sloan,0,5,0
Andrew Goudelock,0,2,0
Lavoy Allen,0,5,1
Nolan Smith,0,2,0
Lance Thomas,0,8,1
Josh Harrellson,0,3,0
Greg Stiemsma,0,1,3
Cory Higgins,0,2,0
Reggie Jackson,0,12,0
Jeremy Pargo,0,2,1
Jordan Hamilton,0,5,0
JaJuan Johnson,0,1,0
E'Twaun Moore,0,9,1
Jimmy Butler,0,11,1
Elliot Williams,0,3,1
Terrel Harris,0,2,0
Chris Wright,0,0,3
Jerome Dyson,0,1,0
Josh Selby,0,2,0
Malcolm Lee,0,2,0
Cory Joseph,0,11,1
Trey Thompkins,0,1,0
Mickell Gladness,0,1,0
Darius Morris,0,4,0
Vernon Macklin,0,0,1
Daniel Orton,0,2,1
Jerome Jordan,0,0,2
Marcus Morris Sr.,0,12,0
Courtney Fortson,0,1,0
Carldell Johnson,0,1,0
Justin Dentmon,0,1,0
Justin Harper,0,3,0
Tyler Honeycutt,0,2,0
Mychel Thompson,0,1,0
Eric Dawson,0,0,1
Edwin Ubiles,0,1,0
Travis Leslie,0,1,0
D.J. Kennedy,0,1,0
Xavier Silas,0,1,0
Derrick Byars,0,1,0
Ryan Reid,0,0,1
Jerry Smith,0,1,0
Dennis Horner,0,1,0
Darington Hobson,0,1,0
Jeff Foote,0,1,0
Malcolm Thomas,0,2,1
Keith Benson,0,0,0
Damian Lillard,0,11,0
Dion Waiters,0,8,0
Anthony Davis,0,2,9
Bradley Beal,0,10,1
Harrison Barnes,0,11,0
Kyle Singler,0,6,0
Michael Kidd-Gilchrist,0,6,2
Alexey Shved,0,3,0
Maurice Harkless,0,8,2
Tyler Zeller,0,4,4
Andrew Nicholson,0,4,1
Brian Roberts,0,5,0
Jonas Valanciunas,0,0,11
Chris Copeland,0,4,0
Andre Drummond,0,1,10
Jeffery Taylor,0,3,0
Terrence Ross,0,11,0
Jae Crowder,0,11,0
John Henson,0,2,6
Austin Rivers,0,11,0
Meyers Leonard,0,5,5
John Jenkins,0,6,0
Thomas Robinson,0,4,1
Will Barton,0,11,0
Nando De Colo,0,2,0
Pablo Prigioni,0,4,0
Jared Sullinger,0,5,0
Donatas Motiejunas,0,4,2
DeQuan Jones,0,1,0
Kyle O'Quinn,0,3,5
Patrick Beverley,0,11,0
Draymond Green,0,9,2
Orlando Johnson,0,3,0
Evan Fournier,0,11,0
Festus Ezeli,0,1,2
Mirza Teletovic,0,6,0
Victor Claver,0,3,0
Mike Scott,0,8,1
Arnett Moultrie,0,1,1
Khris Middleton,0,11,0
Doron Lamb,0,2,0
Kendall Marshall,0,4,0
Joel Freeland,0,3,0
Bernard James,0,2,1
Kent Bazemore,0,10,0
Kim English,0,1,0
Darius Miller,0,6,0
Quincy Acy,0,5,2
Terrence Jones,0,4,2
Marquis Teague,0,3,0
Kevin Jones,0,1,0
Tony Wroten,0,4,0
Perry Jones III,0,3,0
Tyshawn Taylor,0,2,0
Viacheslav Kravtsov,0,0,2
Maalik Wayns,0,1,1
Jeremy Lamb,0,10,0
Ben Hansbrough,0,1,0
Aron Baynes,0,5,4
Robert Sacre,0,4,0
Justin Holiday,0,10,0
Diante Garrett,0,2,0
Tornike Shengelia,0,2,0
Luke Zeller,0,1,0
Jared Cunningham,0,4,0
Kevin Murphy,0,1,0
Miles Plumlee,0,2,5
Kris Joseph,0,1,0
Quincy Miller,0,3,0
Jarvis Varnado,0,1,1
Scott Machado,0,0,2
Fab Melo,0,0,1
Josh Akognon,0,0,1
Henry Sims,0,3,1
Tim Ohlbrecht,0,1,0
Darius Johnson-Odom,0,0,0
Michael Carter-Williams,0,9,0
Victor Oladipo,0,10,0
Trey Burke,0,8,1
Tim Hardaway Jr.,0,10,0
Ben McLemore,0,9,0
Kelly Olynyk,0,9,1
Giannis Antetokounmpo,0,2,8
Mason Plumlee,0,0,10
Cody Zeller,0,2,8
Ryan Kelly,0,4,0
Kentavious Caldwell-Pope,0,10,0
Hollis Thompson,0,4,0
Nate Wolters,0,3,0
Pero Antic,0,2,0
Nick Calathes,0,2,0
Tony Snell,0,8,1
Matthew Dellavedova,0,9,0
Gorgui Dieng,0,5,5
Ray McCallum,0,3,0
Steven Adams,0,0,10
Anthony Bennett,0,4,0
Phil Pressey,0,3,0
CJ McCollum,0,10,0
Archie Goodwin,0,3,1
Jeff Withey,0,1,4
Dennis Schroder,0,10,0
Miroslav Raduljica,0,1,1
Robbie Hummel,0,2,0
Vitor Faverani,0,1,0
Brandon Davies,0,2,0
Shabazz Muhammad,0,5,0
Toure' Murry,0,2,0
Shane Larkin,0,4,0
Reggie Bullock,0,10,0
Rudy Gobert,0,1,9
Isaiah Canaan,0,6,0
Dewayne Dedmon,0,3,7
Alex Len,0,4,6
Gigi Datome,0,2,0
Otto Porter Jr.,0,7,3
Mike Muscala,0,7,3
Andre Roberson,0,6,1
Gal Mekel,0,2,0
Dionte Christmas,0,1,0
Ian Clark,0,6,0
Lorenzo Brown,0,5,0
Jorge Gutierrez,0,1,2
Peyton Siva,0,1,0
Casper Ware,0,1,0
Solomon Hill,0,9,0
James Nunnally,0,3,0
Dwight Buycks,0,3,0
Troy Daniels,0,7,0
Jamaal Franklin,0,1,1
Sergey Karasev,0,3,0
Allen Crabbe,0,7,0
Justin Hamilton,0,3,0
Nemanja Nedovic,0,1,0
Chris Babb,0,1,0
Tony Mitchell,0,1,1
Carrick Felix,0,0,1
Ricky Ledo,0,2,0
Robert Covington,0,10,0
Ognjen Kuzmic,0,1,1
Adonis Thomas,0,1,0
James Southerland,0,1,0
DJ Stephens,0,1,1
Erik Murphy,0,1,0
Vander Blue,0,2,1
Arinze Onuaku,0,1,2
Seth Curry,0,8,0
Shane Edwards,0,1,0
Scotty Hopson,0,0,1
Elias Harris,0,0,0
Royce White,0,0,0
Andrew Wiggins,0,9,0
Nikola Mirotic,0,5,0
Zach LaVine,0,8,1
Nerlens Noel,0,2,7
Elfrid Payton,0,8,0
Jordan Clarkson,0,9,0
Bojan Bogdanovic,0,9,0
Langston Galloway,0,8,0
Marcus Smart,0,9,0
KJ McDaniels,0,3,0
Rodney Hood,0,7,1
Jusuf Nurkic,0,3,6
Jerami Grant,0,8,1
Joe Ingles,0,9,0
Dante Exum,0,6,0
JaKarr Sampson,0,3,3
Tarik Black,0,0,4
Damjan Rudez,0,3,0
Nik Stauskas,0,6,0
James Ennis III,0,8,0
Jabari Parker,0,6,2
Shabazz Napier,0,6,0
PJ Hairston,0,2,0
Elijah Millsap,0,3,0
T.J. Warren,0,4,4
Aaron Gordon,0,7,2
Jabari Brown,0,1,0
Markel Brown,0,3,0
Adreian Payne,0,3,1
Cleanthony Early,0,2,0
Mitch McGary,0,1,1
Travis Wear,0,2,0
Tyler Johnson,0,8,0
Gary Harris,0,8,1
Cory Jefferson,0,2,0
Kostas Papanikolaou,0,2,0
Erick Green,0,2,0
Spencer Dinwiddie,0,9,0
Joe Harris,0,7,2
Tyler Ennis,0,4,0
Doug McDermott,0,8,1
James Young,0,4,0
Johnny O'Bryant III,0,3,1
Jordan Adams,0,2,0
Furkan Aldemir,0,0,1
Joffrey Lauvergne,0,2,2
Dwight Powell,0,2,7
Noah Vonleh,0,6,1
Bryce Cotton,0,2,0
Kyle Anderson,0,6,3
Nick Johnson,0,1,0
Glenn Robinson III,0,7,0
JaMychal Green,0,6,3
James Michael McAdoo,0,1,3
Shayne Whittington,0,2,0
Tim Frazier,0,8,0
Larry Drew II,0,2,0
C.J. Wilcox,0,3,0
Devyn Marble,0,2,0
Clint Capela,0,1,8
Russ Smith,0,2,0
Zoran Dragic,0,1,0
Jack Cooley,0,2,0
Sean Kilpatrick,0,4,0
Drew Gordon,0,1,0
Grant Jerrett,0,1,0
Will Cherry,0,1,0
Bruno Caboclo,0,7,0
Cameron Bairstow,0,2,0
Jerel McNeal,0,1,0
David Stockton,0,1,1
Lucas Nogueira,0,1,3
Patrick Christopher,0,1,0
Alex Kirk,0,1,0
Andre Dawkins,0,1,0
Julius Randle,0,7,2
Sim Bhullar,0,0,1
David Wear,0,0,0
Jerrelle Benimon,0,0,0
Kalin Lucas,0,0,0
Karl-Anthony Towns,0,2,6
D'Angelo Russell,0,8,0
Devin Booker,0,8,0
Kristaps Porzingis,0,7,0
Jahlil Okafor,0,0,6
Emmanuel Mudiay,0,5,0
Nikola Jokic,0,1,7
Myles Turner,0,5,3
Frank Kaminsky,0,7,1
Stanley Johnson,0,7,1
Justise Winslow,0,8,0
T.J. McConnell,0,4,4
Trey Lyles,0,8,0
Mario Hezonja,0,5,0
Raul Neto,0,7,1
Willie Cauley-Stein,0,1,6
Bobby Portis,0,7,1
Jerian Grant,0,5,0
Larry Nance Jr.,0,1,7
Josh Richardson,0,8,0
Jonathon Simmons,0,3,1
Nemanja Bjelica,0,7,0
Boban Marjanovic,0,0,8
Richaun Holmes,0,0,8
Cameron Payne,0,8,0
Norman Powell,0,8,0
Marcelo Huertas,0,2,0
Kelly Oubre Jr.,0,8,0
Rashad Vaughn,0,3,0
Justin Anderson,0,6,0
Willie Reed,0,0,3
Rondae Hollis-Jefferson,0,5,1
Tyus Jones,0,8,0
Joe Young,0,3,0
Jarell Martin,0,4,0
Darrun Hilliard,0,3,0
Montrezl Harrell,0,0,8
Salah Mejri,0,1,3
Chris McCullough,0,2,1
Cristiano Felicio,0,0,6
Delon Wright,0,8,0
Jordan McRae,0,4,0
RJ Hunter,0,3,0
Lamar Patterson,0,2,0
Xavier Munford,0,2,0
Bryce Dejean-Jones,0,1,0
Axel Toupane,0,2,1
Terry Rozier,0,8,0
Jarell Eddie,0,2,0
Christian Wood,0,1,6
Damien Inglis,0,1,0
Pat Connaughton,0,7,1
Briante Weber,0,3,0
Alan Williams,0,2,2
Edy Tavares,0,0,2
Tibor Pleiss,0,1,0
Sasha Kaun,0,0,1
Alex Stepheson,0,1,0
Jordan Mickey,0,3,0
Aaron Harrison,0,2,0
Josh Huestis,0,2,1
Luis Montero,0,1,0
Cliff Alexander,0,0,1
Kevon Looney,0,1,7
Coty Clarke,0,0,1
Duje Dukan,0,1,0
Keith Appling,0,1,0
Thanasis Antetokounmpo,0,2,3
Branden Dawson,0,1,0
JJ O'Brien,0,0,0
Sam Dekker,0,3,0
Dario Saric,0,6,0
Buddy Hield,0,7,0
Jamal Murray,0,6,0
Malcolm Brogdon,0,6,1
Marquese Chriss,0,5,1
Brandon Ingram,0,7,0
Joel Embiid,0,5,2
Willy Hernangomez,0,0,7
Isaiah Whitehead,0,2,0
Jaylen Brown,0,7,0
Rodney McGruder,0,6,1
Domantas Sabonis,0,1,6
Caris LeVert,0,7,0
Yogi Ferrell,0,5,0
Timothe Luwawu-Cabarrot,0,6,0
Tyler Ulis,0,2,0
Andrew Harrison,0,3,0
Mindaugas Kuzminskas,0,1,0
Alex Abrines,0,3,0
Malcolm Delaney,0,2,0
Dorian Finney-Smith,0,7,0
Taurean Prince,0,7,0
Juancho Hernangomez,0,7,0
Davis Bertans,0,7,0
Kris Dunn,0,6,1
Denzel Valentine,0,5,0
Skal Labissiere,0,1,3
Ivica Zubac,0,0,7
Paul Zipser,0,2,0
Pascal Siakam,0,4,3
Thon Maker,0,4,1
Ron Baker,0,3,0
Troy Williams,0,3,0
Semaj Christon,0,1,0
Derrick Jones Jr.,0,3,4
Kay Felder,0,2,0
Jakob Poeltl,0,0,7
Tomas Satoransky,0,4,2
Nicolas Brussino,0,1,0
Shawn Long,0,0,1
Dragan Bender,0,4,0
Chasson Randle,0,3,0
Dejounte Murray,0,6,0
Georgios Papagiannis,0,1,1
David Nwaba,0,4,2
Fred VanVleet,0,7,0
Jonathan Gibson,0,1,1
Wade Baldwin IV,0,2,1
DeAndre' Bembry,0,4,2
Maurice Ndour,0,1,0
Okaro White,0,2,0
Bryn Forbes,0,7,0
Sheldon Mac,0,1,0
Cheick Diallo,0,2,3
Malik Beasley,0,7,0
Malachi Richardson,0,3,0
Quinn Cook,0,4,1
Jake Layman,0,5,1
Wayne Selden,0,4,0
Alex Poythress,0,3,0
Henry Ellenson,0,5,0
Nicolas Laprovittola,0,1,0
Deyonta Davis,0,0,3
Treveon Graham,0,4,0
AJ Hammons,0,1,0
Jarrod Uthoff,0,2,0
Marshall Plumlee,0,1,1
Pierre Jackson,0,1,0
Tim Quarterman,0,2,0
Daniel Ochefu,0,1,0
Stephen Zimmerman,0,1,0
Joel Bolomboy,0,0,2
Georges Niang,0,7,0
Gary Payton II,0,3,4
Damian Jones,0,0,7
Chinanu Onuaku,0,1,1
Marcus Georges-Hunt,0,2,0
Kyle Wiltjer,0,1,0
Demetrius Jackson,0,1,2
Diamond Stone,0,1,0
Brice Johnson,0,2,0
Michael Gbinije,0,1,0
Isaiah Taylor,0,2,0
Mike Tobey,0,1,0
Ben Bentil,0,0,0
Danuel House Jr.,0,6,0
Patricio Garino,0,0,0
Donovan Mitchell,0,6,0
Ben Simmons,0,0,5
Kyle Kuzma,0,6,0
Jayson Tatum,0,6,0
Dennis Smith Jr.,0,6,0
Lauri Markkanen,0,6,0
Josh Jackson,0,5,0
Bogdan Bogdanovic,0,6,0
Dillon Brooks,0,6,0
De'Aaron Fox,0,5,1
John Collins,0,0,6
Jarrett Allen,0,0,6
Luke Kennard,0,6,0
Lonzo Ball,0,5,0
Josh Hart,0,4,2
Bam Adebayo,0,0,6
Frank Ntilikina,0,6,0
Justin Jackson,0,6,0
O.G. Anunoby,0,5,1
Milos Teodosic,0,2,0
Malik Monk,0,6,0
Frank Mason III,0,4,0
Tyler Dorsey,0,2,1
Maxi Kleber,0,6,0
Royce O'Neale,0,6,0
Daniel Theis,0,1,5
Zach Collins,0,4,1
Tyrone Wallace,0,4,0
Sindarius Thornwell,0,3,1
Jordan Bell,0,1,3
Cedi Osman,0,6,0
Jawun Evans,0,2,0
Wes Iwundu,0,5,0
Sterling Brown,0,5,0
C.J. Williams,0,2,0
Ivan Rabb,0,0,2
Kobi Simmons,0,2,0
Semi Ojeleye,0,5,0
Terrance Ferguson,0,4,0
Tyler Cavanaugh,0,2,0
Damyean Dotson,0,4,1
Khem Birch,0,2,4
Dwayne Bacon,0,4,0
Torrey Craig,0,6,0
Damion Lee,0,6,0
T.J. Leaf,0,2,2
Shaquille Harrison,0,6,0
Antonio Blakeney,0,2,0
Brandon Paul,0,1,0
Abdel Nader,0,5,0
Jonathan Isaac,0,4,0
Alex Caruso,0,6,0
Luke Kornet,0,5,1
Ante Zizic,0,0,3
Myke Henry,0,1,0
Jamil Wilson,0,1,0
Kyle Collinsworth,0,1,0
Markelle Fultz,0,5,1
Johnathan Motley,0,0,3
Rodney Purvis,0,1,0
Alec Peters,0,1,0
Isaiah Hicks,0,1,1
Guerschon Yabusele,0,2,0
Jamel Artis,0,1,0
Jalen Jones,0,2,0
Andrew White III,0,1,0
Davon Reed,0,3,1
Caleb Swanigan,0,2,1
Dakari Johnson,0,0,1
Derrick White,0,6,0
John Holland,0,1,0
Ryan Arcidiacono,0,5,1
Josh Magette,0,2,0
Jabari Bird,0,0,1
Malcolm Miller,0,3,0
Milton Doyle,0,1,0
Josh Gray,0,1,1
Derrick Walton Jr.,0,3,0
Xavier Rathan-Mayes,0,1,0
Jaylen Morris,0,2,0
Nigel Hayes,0,1,0
Andre Ingram,0,1,0
Antonius Cleveland,0,2,0
Furkan Korkmaz,0,6,0
Omari Johnson,0,1,0
Thomas Bryant,0,1,5
Alfonzo McKinnie,0,3,2
D.J. Wilson,0,3,2
Gian Clavell,0,1,0
Kadeem Allen,0,3,0
Jameel Warney,0,0,1
Walt Lemon Jr.,0,2,0
James Webb III,0,1,0
Ike Anigbogu,0,1,0
Daniel Hamilton,0,2,0
Marcus Paige,0,1,0
Monte Morris,0,5,1
Aaron Jackson,0,1,0
Mangok Mathiang,0,0,1
Tony Bradley,0,1,5
London Perrantes,0,1,0
Charles Cooke,0,1,0
Vincent Hunter,0,0,1
Matt Williams Jr.,0,1,0
Jacob Wiley,0,1,0
Matt Costello,0,0,1
Reggie Hearn,0,0,1
Devin Robinson,0,1,1
Jacob Pullen,0,0,1
Justin Patton,0,3,1
PJ Dozier,0,5,1
Ben Moore,0,0,0
Chris Boucher,0,4,1
Erik McCree,0,0,0
Trey McKinney-Jones,0,0,0
Tyler Lydon,0,0,1
Trae Young,0,5,0
Luka Doncic,0,5,0
Collin Sexton,0,4,1
Deandre Ayton,0,0,5
Kevin Knox II,0,5,0
Marvin Bagley III,0,1,4
Shai Gilgeous-Alexander,0,3,2
Jaren Jackson Jr.,0,3,2
Kevin Huerter,0,5,0
Landry Shamet,0,5,0
Allonzo Trier,0,2,0
Mikal Bridges,0,2,3
Jalen Brunson,0,3,2
Miles Bridges,0,3,1
Josh Okogie,0,5,0
Rodions Kurucs,0,3,0
Frank Jackson,0,4,0
Mitchell Robinson,0,0,5
Wendell Carter Jr.,0,1,4
Harry Giles III,0,1,2
Bruce Brown,0,3,2
Elie Okobo,0,2,0
Aaron Holiday,0,5,0
Mo Bamba,0,5,0
Kenrich Williams,0,3,2
Omari Spellman,0,2,0
De'Anthony Melton,0,5,0
Troy Brown Jr.,0,5,0
Chandler Hutchison,0,3,1
Devonte' Graham,0,5,0
Grayson Allen,0,5,0
Jonah Bolden,0,2,0
Moritz Wagner,0,3,2
Hamidou Diallo,0,4,1
Jevon Carter,0,5,0
Ryan Broekhoff,0,2,0
Johnathan Williams,0,0,2
Keita Bates-Diop,0,3,2
Gary Clark,0,4,0
Brad Wanamaker,0,4,0
Isaiah Briscoe,0,1,0
Svi Mykhailiuk,0,5,0
Donte DiVincenzo,0,5,0
Jaron Blossomgame,0,1,0
Jerome Robinson,0,3,0
Jaylen Adams,0,2,0
Cam Reynolds,0,2,0
Shake Milton,0,5,0
Deonte Burton,0,2,0
Robert Williams III,0,0,5
Theo Pinson,0,5,0
Anfernee Simons,0,5,0
Brandon Sampson,0,1,0
Khyri Thomas,0,3,0
Ray Spalding,0,0,2
Isaiah Hartenstein,0,1,4
Chimezie Metu,0,2,3
Duncan Robinson,0,5,0
Marcus Derrickson,0,1,0
Lonnie Walker IV,0,5,0
Drew Eubanks,0,0,5
Gary Trent Jr.,0,5,0
Jacob Evans,0,2,0
Julian Washburn,0,1,0
Zhaire Smith,0,2,0
Bonzie Colson,0,1,0
Yuta Watanabe,0,5,0
Rawle Alkins,0,1,0
Dairis Bertans,0,1,0
Deng Adel,0,1,0
Jared Terrell,0,1,0
Daryl Macon,0,2,0
Jordan Loyd,0,1,0
Amile Jefferson,0,1,1
Jemerrio Jones,0,1,1
Billy Garrett,0,1,0
Jarred Vanderbilt,0,1,4
BJ Johnson,0,2,1
Brandon Goodwin,0,4,0
Mitchell Creek,0,0,1
Dzanan Musa,0,2,0
Isaac Bonga,0,3,1
Thomas Welsh,0,0,1
Isaac Humphries,0,1,0
Melvin Frazier Jr.,0,3,0
Alize Johnson,0,3,2
Emanuel Terry,0,0,1
Troy Caupain,0,0,1
Haywood Highsmith,0,3,0
Dusty Hannahs,0,2,0
DeVaughn Akoon-Purcell,0,1,0
Chris Chiozza,0,4,0
J.P. Macura,0,1,0
Trevon Duval,0,0,1
Tahjere McCall,0,0,1
Angel Delgado,0,1,0
Vincent Edwards,0,1,0
Joe Chealey,0,1,0
Yante Maten,0,1,0
Donte Grantham,0,0,0
Tyler Davis,0,0,0
Zach Lofton,0,0,0
Ja Morant,0,4,0
Kendrick Nunn,0,3,0
Coby White,0,4,0
Eric Paschall,0,3,0
RJ Barrett,0,4,0
De'Andre Hunter,0,4,0
Tyler Herro,0,4,0
Darius Garland,0,4,0
P.J. Washington,0,4,0
Brandon Clarke,0,0,4
Rui Hachimura,0,4,0
Cam Reddish,0,4,0
Jarrett Culver,0,4,0
Terence Davis,0,4,0
Zion Williamson,0,0,3
Michael Porter Jr.,0,2,2
Cameron Johnson,0,4,0
Jordan Poole,0,4,0
Kevin Porter Jr.,0,4,0
Jaxson Hayes,0,0,4
Nicolo Melli,0,2,0
Darius Bazley,0,4,0
Ky Bowman,0,1,0
Matisse Thybulle,0,3,1
Naz Reid,0,2,2
Nickeil Alexander-Walker,0,4,0
Luguentz Dort,0,4,0
Sekou Doumbouya,0,2,1
Bruno Fernando,0,1,3
Cody Martin,0,4,0
Grant Williams,0,4,0
Jordan McLaughlin,0,4,0
Daniel Gafford,0,0,4
Matt Thomas,0,3,0
Kelan Martin,0,3,0
Marko Guduric,0,1,0
Goga Bitadze,0,2,2
Nassir Little,0,4,0
Javonte Green,0,0,4
Chris Clemons,0,1,0
Anzejs Pasecniks,0,0,1
Keldon Johnson,0,3,1
Carsen Edwards,0,3,0
Caleb Martin,0,3,1
Ty Jerome,0,4,0
Admiral Schofield,0,3,0
Terance Mann,0,2,2
Garrison Mathews,0,4,0
Jalen McDaniels,0,4,0
Justin James,0,2,0
Romeo Langford,0,4,0
Mychal Mulder,0,3,0
Juan Toscano-Anderson,0,3,1
Nic Claxton,0,0,4
Jeremiah Martin,0,2,0
Wenyen Gabriel,0,3,1
Rayjon Tucker,0,1,2
Alen Smailagic,0,1,1
Amir Coffey,0,4,0
Jaylen Nowell,0,4,0
Norvel Pelle,0,0,3
John Konchar,0,1,3
DaQuan Jeffries,0,1,2
Mfiondu Kabengele,0,3,0
Vincent Poirier,0,2,0
Bol Bol,0,1,3
Tremont Waters,0,3,0
Donta Hall,0,0,2
Jaylen Hoard,0,2,1
Oshae Brissett,0,4,0
Juwan Morgan,0,1,2
Miye Oni,0,3,0
Talen Horton-Tucker,0,4,0
Adam Mokoka,0,2,0
Paul Watson,0,3,0
Michael Frazier II,0,1,0
Jarrell Brantley,0,2,1
Tacko Fall,0,1,2
Tyler Cook,0,0,3
Gabe Vincent,0,4,0
Charlie Brown Jr.,0,3,0
Dean Wade,0,3,1
Devon Hall,0,1,0
Louis King,0,2,2
Justin Wright-Foreman,0,1,0
Ignas Brazdeikis,0,3,0
Kevin Hervey,0,1,0
Vlatko Cancar,0,3,1
Luka Samanic,0,3,0
Vic Law,0,1,0
Dewan Hernandez,0,1,0
Nigel Williams-Goss,0,1,0
Justin Robinson,0,3,0
Jordan Bone,0,2,0
Quinndary Weatherspoon,0,2,1
Zylan Cheatham,0,0,1
Marial Shayok,0,1,0
Moses Brown,0,1,3
Jalen Lecque,0,2,0
Zach Norvell Jr.,0,1,0
Shamorie Ponds,0,0,1
Josh Reaves,0,1,0
KZ Okpala,0,3,1
Brian Bowen II,0,2,0
Devontae Cacok,0,0,3
Eric Mika,0,0,1
Max Strus,0,3,1
Kyle Guy,0,3,0
Tariq Owens,0,1,0
Jared Harper,0,1,1
Kyle Alexander,0,0,1
Malik Newman,0,0,1
Matt Mooney,0,1,0
Isaiah Roby,0,2,1
Marques Bolden,0,1,0
Stanton Kidd,0,0,0
William Howard,0,0,0
Anthony Edwards,0,3,0
Saddiq Bey,0,3,0
LaMelo Ball,0,3,0
Jae'Sean Tate,0,2,1
Tyrese Haliburton,0,3,0
Immanuel Quickley,0,3,0
Theo Maledon,0,3,0
Patrick Williams,0,2,1
Isaac Okoro,0,3,0
Desmond Bane,0,3,0
Cole Anthony,0,3,0
Isaiah Stewart,0,1,2
Payton Pritchard,0,3,0
Tyrese Maxey,0,3,0
James Wiseman,0,0,2
Jaden McDaniels,0,2,1
Kenyon Martin Jr.,0,0,3
Facundo Campazzo,0,3,0
Xavier Tillman,0,1,2
Aleksej Pokusevski,0,3,0
R.J. Hampton,0,3,0
Malachi Flynn,0,3,0
Chuma Okeke,0,3,0
Kira Lewis Jr.,0,3,0
Deni Avdija,0,3,0
Devin Vassell,0,3,0
Precious Achiuwa,0,2,1
Saben Lee,0,3,0
Obi Toppin,0,2,1
Naji Marshall,0,3,0
Onyeka Okongwu,0,0,3
Armoni Brooks,0,2,0
Aaron Nesmith,0,3,0
Killian Hayes,0,3,0
Jordan Nwora,0,3,0
Mason Jones,0,2,0
Lamar Stevens,0,3,0
Dylan Windler,0,2,1
Isaiah Joe,0,3,0
Zeke Nnaji,0,1,2
Anthony Lamb,0,2,0
Brodric Thomas,0,2,0
Nathan Knight,0,1,2
Skylar Mays,0,1,2
Nico Mannion,0,1,0
Freddie Gillespie,0,1,1
Markus Howard,0,2,0
Josh Green,0,1,2
Jalen Harris,0,0,1
Tre Jones,0,3,0
Sam Merrill,0,3,0
Paul Reed,0,0,3
Trent Forrest,0,3,0
Josh Hall,0,1,0
Gabriel Deck,0,1,1
Anthony Gill,0,0,3
Reggie Perry,0,1,1
CJ Elleby,0,2,0
Killian Tillie,0,2,0
Daniel Oturu,0,1,1
Jalen Smith,0,2,1
Dakota Mathias,0,2,0
Vernon Carey Jr.,0,1,2
Mamadi Diakite,0,2,1
Cameron Oliver,0,0,2
Robert Franks,0,1,0
Cassius Winston,0,2,0
Deividas Sirvydis,0,2,0
Nate Hinton,0,1,0
Jahmi'us Ramsey,0,2,0
Sean McDermott,0,1,0
Cassius Stanley,0,2,0
Jay Scrubb,0,2,1
Devin Cannady,0,2,0
Elijah Hughes,0,2,0
Devon Dotson,0,2,1
Jontay Porter,0,0,1
Robert Woodard II,0,2,0
Grant Riller,0,0,1
Tyler Bey,0,1,0
Elijah Bryant,0,1,0
Udoka Azubuike,0,1,2
Nick Richards,0,1,2
Amida Brimah,0,0,1
Keljin Blevins,0,2,0
Karim Mane,0,1,0
Nate Darling,0,1,0
Ty-Shon Alexander,0,1,0
Didi Louzada,0,2,0
Malik Fitts,0,2,0
Ashton Hagans,0,0,0
Greg Whittington,0,0,0
Will Magnay,0,0,0
Franz Wagner,0,2,0
Jalen Green,0,2,0
Scottie Barnes,0,2,0
Cade Cunningham,0,2,0
Evan Mobley,0,0,2
Davion Mitchell,0,2,0
Herbert Jones,0,2,0
Chris Duarte,0,2,0
Bones Hyland,0,2,0
Alperen Sengun,0,1,1
Ayo Dosunmu,0,1,1
Josh Giddey,0,2,0
Jonathan Kuminga,0,0,2
Corey Kispert,0,2,0
Tre Mann,0,2,0
Josh Christopher,0,2,0
Cam Thomas,0,2,0
Jalen Suggs,0,2,0
Ziaire Williams,0,2,0
Duane Washington Jr.,0,2,0
Austin Reaves,0,1,1
Aaron Wiggins,0,1,1
Jeremiah Robinson-Earl,0,2,0
Trendon Watford,0,0,2
Brandon Boston Jr.,0,2,0
Trey Murphy III,0,2,0
Jose Alvarado,0,2,0
Terry Taylor,0,0,2
Omer Yurtseven,0,0,2
Isaiah Jackson,0,0,2
Joshua Primo,0,2,0
Kessler Edwards,0,2,0
Quentin Grimes,0,2,0
Keon Johnson,0,2,0
Jock Landale,0,1,1
Moses Moody,0,2,0
Greg Brown III,0,2,0
Dalano Banton,0,2,0
Lindy Waters III,0,2,0
Day'Ron Sharpe,0,0,2
Vit Krejci,0,2,0
Luka Garza,0,1,1
Keifer Sykes,0,1,0
Jared Butler,0,2,0
Sandro Mamukelashvili,0,2,0
Olivier Sarr,0,0,2
James Bouknight,0,2,0
Santi Aldama,0,2,0
Isaiah Livers,0,2,0
Ish Wainright,0,2,0
David Duke Jr.,0,2,0
Jericho Sims,0,0,2
Miles McBride,0,2,0
Georgios Kalaitzakis,0,1,0
Justin Champagnie,0,2,0
Lindell Wigginton,0,2,0
Daishen Nix,0,2,0
Malcolm Hill,0,1,1
Charles Bassey,0,0,2
JT Thor,0,2,0
Sam Hauser,0,2,0
Joe Wieskamp,0,2,0
Xavier Moon,0,2,0
Jalen Johnson,0,1,1
Javonte Smart,0,1,0
Hassani Gravett,0,1,0
Jamorko Pickett,0,1,0
Leandro Bolmaro,0,2,0
Usman Garuba,0,2,0
Neemias Queta,0,1,1
Zavier Simpson,0,1,0
Trevelin Queen,0,2,0
Kevin Pangos,0,1,0
Chaundee Brown Jr.,0,1,0
Kai Jones,0,0,2
Isaiah Todd,0,2,0
Jeff Dowtin Jr.,0,2,0
Marko Simonovic,0,2,0
RJ Nembhard Jr.,0,1,0
Aleem Ford,0,1,0
Cameron McGriff,0,1,0
Petr Cornelie,0,1,0
Gabriel Lundberg,0,1,0
Marcus Garrett,0,1,0
Myles Powell,0,1,0
Yves Pons,0,1,0
Micah Potter,0,1,1
Gabe York,0,2,0
Mac McClung,0,1,1
Eugene Omoruyi,0,2,0
Sharife Cooper,0,1,0
Craig Sword,0,0,1
Paris Bass,0,1,0
Trevon Scott,0,0,1
Jordan Schakel,0,1,1
McKinley Wright IV,0,1,1
Moses Wright,0,1,0
Xavier Sneed,0,1,1
Carlik Jones,0,2,0
Matt Ryan,0,2,0
Rob Edwards,0,1,0
Aaron Henry,0,1,0
Jarron Cumberland,0,0,1
Joel Ayayi,0,1,0
Shaq Buchanan,0,1,0
Scottie Lewis,0,0,0
Ade Murkey,0,0,0
Arnoldas Kulboka,0,0,0
Cat Barber,0,0,0
DeJon Jarreau,0,0,0
Feron Hunt,0,0,0
JaQuori McLaughlin,0,0,0
Jaime Echenique,0,0,0
Javin DeLaurier,0,0,0
Jay Huff,0,0,1
Jaysean Paige,0,0,0
Jon Teske,0,0,0
Jordan Goodwin,0,1,0
MJ Walker,0,0,0
Trayvon Palmer,0,0,0
Tyler Hall,0,0,0
Paolo Banchero,0,1,0
Bennedict Mathurin,0,1,0
Jaden Ivey,0,1,0
Jalen Williams,0,0,1
Jabari Smith Jr.,0,1,0
Keegan Murray,0,1,0
Shaedon Sharpe,0,1,0
Tari Eason,0,1,0
Andrew Nembhard,0,1,0
Walker Kessler,0,0,1
Malaki Branham,0,1,0
AJ Griffin,0,1,0
Jeremy Sochan,0,1,0
Jalen Duren,0,0,1
Ochai Agbaji,0,1,0
David Roddy,0,1,0
Jaden Hardy,0,1,0
Mark Williams,0,0,1
Christian Braun,0,1,0
Simone Fontecchio,0,1,0
Jaylin Williams,0,1,0
MarJon Beauchamp,0,1,0
Bryce McGowens,0,1,0
Dyson Daniels,0,1,0
Jabari Walker,0,1,0
Caleb Houstan,0,1,0
Ousmane Dieng,0,1,0
Blake Wesley,0,1,0
Christian Koloko,0,1,0
Julian Champagnie,0,1,0
AJ Green,0,1,0
TyTy Washington Jr.,0,1,0
Kevon Harris,0,1,0
Max Christie,0,1,0
Patrick Baldwin Jr.,0,1,0
Kenneth Lofton Jr.,0,0,1
Orlando Robinson,0,0,1
Dominick Barlow,0,0,1
Jake LaRavia,0,1,0
Jamal Cain,0,0,1
Johnny Juzang,0,1,0
Dalen Terry,0,1,0
Nikola Jovic,0,1,0
Kennedy Chandler,0,1,0
Peyton Watson,0,1,0
Moussa Diabate,0,0,1
A.J. Lawson,0,0,1
Quenton Jackson,0,1,0
Jeenathan Williams,0,0,1
Josh Minott,0,0,1
Jared Rhoden,0,1,0
John Butler Jr.,0,1,0
Dru Smith,0,1,0
Wendell Moore Jr.,0,1,0
Jason Preston,0,1,0
Xavier Cooks,0,0,1
Isaiah Mobley,0,1,0
Vince Williams Jr.,0,1,0
Jordan Hall,0,1,0
Keon Ellis,0,1,0
Ryan Rollins,0,1,0
Jack White,0,1,0
Tyrese Martin,0,1,0
Ron Harper Jr.,0,0,1
JD Davison,0,1,0
Justin Minaya,0,1,0
Buddy Boeheim,0,1,0
RaiQuan Gray,0,0,1
Darius Days,0,1,0
Jamaree Bouyea,0,1,0
Scotty Pippen Jr.,0,1,0
Lester Quinones,0,1,0
Cole Swider,0,1,0
Kendall Brown,0,0,1
Trevor Hudgins,0,1,0
Chance Comanche,0,0,1
Dereon Seabron,0,1,0
Donovan Williams,0,1,0
Jacob Gilyard,0,1,0
Trevor Keels,0,1,0
Chima Moneke,0,0,1
Stanley Umude,0,0,0
Alondes Williams,0,0,0
Michael Foster Jr.,0,0,0
